ticket_id,created_at,resolved_at,channel,customer_ref,city,subject,complaint,product,category,severity,critical_reason,sentiment,ticket_type,tags,resolution_steps,resolution_summary,resolved_by,kb_refs
TCK-10001,2026-10-01T07:08:44+05:30,2026-10-01T12:00:44+05:30,chat,CUST-868538,Kochi,Router settings changed,"Hi, Router got reset after a power surge, now it shows no internet, wifi name changed to default. Thanks.",broadband,router_wifi_setup,medium,,neutral,incident,pppoe|router configuration|factory reset,"Customer-owned router, shared PPPoE username and reset PPPoE password via SMS to registered number | Guided customer to set WAN type PPPoE with the circle VLAN ID | Internet connected, speed test fine",Router reset/misconfiguration fixed by ACS re-provisioning or PPPoE reconfiguration.,ravi,KB-008
TCK-10002,2026-10-01T08:02:08+05:30,2026-10-01T11:41:08+05:30,phone,CUST-359642,Bengaluru,STB stuck on logo,"hello, box went dead after the pwoer cut. thank you",dth,dth_signal_loss,medium,,neutral,incident,boot loop|not starting|stb,"Held power button 10 seconds, box downloaded software update | Box started normally after 15 minutes",STB fixed by forced restart/software update or replaced under warranty.,meera,KB-024
TCK-10003,2026-10-01T08:03:19+05:30,2026-10-01T11:59:19+05:30,store,CUST-714496,Delhi,payment deducted not updated,"Paid the bill through UPI, money deducted but it still shows due. Pathetic service.",billing,billing_dispute,medium,,angry,incident,double debit|upi|payment failed,"Second payment was a duplicate | Marked duplicate for refund, 5-7 working days to source account | Shared refund reference",Payment posted manually from console or duplicate debit refunded to source.,ravi,KB-028
TCK-10004,2026-10-01T08:13:33+05:30,2026-10-01T09:01:33+05:30,chat,CUST-975427,Kochi,No service,"this is ridiculous. not able to call or sms, network completely gone on my number. is anyone even responible there?!!",mobile,mobile_network_coverage,high,,angry,incident,emergency calls only|no signal|network selection,"Number active in CRM, no outage in area | Network selection was manual on another operator, set to automatic | Airplane mode toggle, service restored",No signal on a single SIM fixed by automatic network selection or SIM replacement.,ravi,KB-013
TCK-10005,2026-10-01T08:36:03+05:30,2026-10-01T12:55:03+05:30,store,CUST-278190,Chennai,No network abroad,"Sir, Landed in Singapore, no network on my phone. Roaming pack already bought please look into it urgenlty",mobile,roaming,medium,,frustrated,request,ir pack|activation|international roaming,"IR active, data roaming was off in phone settings | Customer enabled data roaming and selected partner network manually | Network working",International roaming activated with a country pack; data roaming enabled on the phone.,meera,KB-021
TCK-10006,2026-10-01T08:36:13+05:30,2026-10-01T11:12:13+05:30,phone,CUST-543601,Chennai,Data leak complaint,"Someone is calling me with my plan details, my data has been leaked by your company. Totally unacceptable!!",mobile,legal_regulatory,critical,privacy,angry,request,privacy|spam calls|delete my data,"Verified identity, logged deletion request with exact wording for privacy team | Admin approved standard acknowledgement; privacy team confirmed timeline",Privacy request verified and routed to privacy team after admin approval; no third-party data shared.,meera,KB-035
TCK-10007,2026-10-01T08:57:33+05:30,2026-10-01T12:53:33+05:30,phone,CUST-677086,Bengaluru,internet very slow,"Hello team, internet very slow since last week, pages taking forever to load",broadband,broadband_slow_speed,medium,,frustrated,incident,devices|lan|slow speed,"Wired speed test was below 50% of plan | Checked FUP status, not exhausted; line profile in CRM was set to an old lower plan | Corrected the line profile and restarted the router | Speed test after fix matched plan speed",Slow speed: wired test showed WiFi limitation (moved to 5 GHz) or wrong line profile corrected.,meera,KB-004
TCK-10008,2026-10-01T09:13:26+05:30,2026-10-01T14:29:26+05:30,chat,CUST-810830,Chennai,Unauthorised plan change,hi plan migrated to a costlier one without consent. kindly resolve soon,billing,plan_change,medium,,frustrated,complaint,downgrade|plan change|lock-in,Plan change was done by a retention campaign without recorded consent | Restored old plan and raised billing correction for the difference,Unconsented plan change reverted and the difference corrected.,meera,KB-030|KB-027
TCK-10009,2026-10-01T09:14:25+05:30,2026-10-01T13:41:25+05:30,chat,CUST-363615,Pune,broadband unstable,"broadband connection unstable since last week, drops for a few minutes then comes back. pls check. Totally unacceptable!!",broadband,broadband_disconnection,high,,angry,incident,cables|power cycle|router,"Line test in CRM showed repeated sync loss | Raised line fault ticket, field technician replaced damaged patch cord at the building box | Customer confirmed stable connection after the visit","Random drops fixed by router power cycle / cable re-seat, or line fault repaired by field visit.",meera,KB-001
TCK-10010,2026-10-01T09:35:19+05:30,2026-10-01T10:14:19+05:30,phone,CUST-867543,Mumbai,Bill amount too high,"Hi, Unknwon charges in the bill this month, please explain. thank you",billing,billing_dispute,medium,,neutral,complaint,wrong charges|dispute|billing correction,"Caller tune VAS activated without request | Deactivated VAS and raised billing correction of Rs 180 | Kept disputed amount on hold, shared dispute ID",Bill explained (pro-rata) or unrequested VAS removed and corrected within agent limit.,ravi,KB-027
TCK-10011,2026-10-01T09:39:40+05:30,2026-10-01T13:09:40+05:30,chat,CUST-216335,Hyderabad,payment deducted not updated,This is ridiculous. Rehcarge falied but the amount got debited from my account. Is anyone even responsible there?!!,billing,billing_dispute,medium,,angry,incident,double debit|upi|money deducted,"Took UPI reference, found successful payment in console | Posted payment to the account manually | Due amount cleared",Payment posted manually from console or duplicate debit refunded to source.,meera,KB-028
TCK-10012,2026-10-01T09:42:15+05:30,2026-10-01T13:08:15+05:30,chat,CUST-720298,Hyderabad,TV not connecting,"my laptop is not connecting to wifi, says incorrect password but phone connects fine",broadband,router_wifi_setup,low,,frustrated,incident,cannot connect|ip address|wifi,"Asked customer to forget the network and reconnect | Device still failed, it did not support WPA3 | Switched router security to WPA2/WPA3 mixed from ACS, device connected","Single device unable to join WiFi; fixed via reconnect, WPA2/WPA3 mixed mode or clearing device limit.",ravi,KB-009
TCK-10013,2026-10-01T09:48:00+05:30,2026-10-01T13:25:00+05:30,chat,CUST-814982,Hyderabad,Final warning,this is ridiculous. i have complained 6 times about my broadband. if it is not fixed by tomorrow i will send a legal notice through my lawyer totally unacceptable!!,broadband,legal_regulatory,critical,legal,angry,complaint,ombudsman|escalation|trai,"Did not argue or discourage the customer, no promises made | Escalated as critical legal case with complete history | Admin approved billing correction after review, shared with customer by senior team",Legal threat escalated with full history; admin-approved resolution shared by senior team.,ravi,KB-032
TCK-10014,2026-10-01T09:51:43+05:30,2026-10-01T11:31:43+05:30,chat,CUST-372804,Hyderabad,wifi authentication error,"my laptop is not connecting to wifi, says incorrect password but phone connects fine pls fix asap",broadband,router_wifi_setup,low,,frustrated,incident,cannot connect|wifi|ip address,"Asked customer to forget the network and reconnect | Device still failed, it did not support WPA3 | Switched router security to WPA2/WPA3 mixed from ACS, device connected","Single device unable to join WiFi; fixed via reconnect, WPA2/WPA3 mixed mode or clearing device limit.",ravi,KB-009
TCK-10015,2026-10-01T10:03:53+05:30,2026-10-01T13:38:53+05:30,phone,CUST-777366,Hyderabad,Laptop not connecting to wifi,old android tablet showing authentication problem with the wifi. please help.,broadband,router_wifi_setup,low,,neutral,incident,ip address|wifi|authentication error,"Asked customer to forget the network and reconnect | Device still failed, it did not support WPA3 | Switched router security to WPA2/WPA3 mixed from ACS, device connected","Single device unable to join WiFi; fixed via reconnect, WPA2/WPA3 mixed mode or clearing device limit.",ravi,KB-009
TCK-10016,2026-10-01T10:13:17+05:30,2026-10-01T14:49:17+05:30,phone,CUST-391224,Pune,Recharge done but no channels,"Hello, recharged the wrong customer ID by mistake. thank you",dth,dth_channels_recharge,low,,neutral,incident,recharge|not subscribed|refresh,"Recharge went to a different customer ID | Raised recharge transfer request, completed within 24 hours",Missing channels restored with refresh command or recharge transferred to correct ID.,ravi,KB-025
TCK-10017,2026-10-01T10:16:11+05:30,2026-10-01T15:46:11+05:30,phone,CUST-503906,Bengaluru,Broadband unstable in evening,"Internet keeps going off in the evening hours when everyone is home, ntflix buffering and zoom calls dropping since yesterday. I want this fixed TODAY.",broadband,broadband_disconnection,high,,angry,incident,wifi congestion|firmware|channel,"Checked line test in CRM, no sync loss on the line | Node utilisation report showed the access node above 85% during peak hours | Raised capacity ticket with network team, customer moved to a less loaded port | Asked customer to use 5 GHz WiFi for laptop and TV | Monitored for 2 evenings, connection stable","Evening drops caused by WiFi congestion / peak-hour load; channel changed, firmware updated, monitored.",ravi,KB-002|KB-001
TCK-10018,2026-10-01T10:25:44+05:30,2026-10-01T13:56:44+05:30,email,CUST-860427,Mumbai,no signal on tv,"Worst service ever. TV showing no signal since morning, all channels I want this fixed TODAY.",dth,dth_signal_loss,medium,,angry,incident,lnb|dish|cable,"Heavy rain in area, explained rain fade | Signal returned once rain stopped",DTH no signal from rain fade (temporary) or dish misalignment fixed by technician.,meera,KB-023
TCK-10019,2026-10-01T10:27:05+05:30,2026-10-01T13:04:05+05:30,app,CUST-441968,Mumbai,5G router showing 4G,"Good morning, 5G air fiber device showing 4G only, keeps restarting at night. Let me know.",broadband,router_wifi_setup,medium,,neutral,incident,placement|5g|signal bars,"SIM activation was still pending in CRM, completed activation | Customer re-seated SIM and restarted router | Router connected on 5G","5G home router issues fixed by better placement near window, SIM activation or firmware update.",meera,KB-010
TCK-10020,2026-10-01T10:32:00+05:30,2026-10-01T16:02:00+05:30,email,CUST-359781,Delhi,Unknown OTPs,"sir, someone changed the registered email on my acount and i'm getting otps i didn't request kindly resolve soon",mobile,fraud_account_security,critical,fraud,frustrated,incident,account takeover|block sim|unauthorised,"Verified caller, locked app account and reset credentials | Restored registered email after ID verification | Escalated to fraud team, admin approved closure note","Account takeover: account locked, credentials reset, fraud team engaged, admin reviewed.",ravi,KB-033
TCK-10021,2026-10-01T10:41:22+05:30,2026-10-01T16:14:22+05:30,phone,CUST-269172,Bengaluru,New SIM not activated,hi Replacement SIM not working even after 24 hours please do the needful,mobile,sim_activation_porting,medium,,frustrated,incident,new sim|sim activation|replacement sim,"KYC failed due to document mismatch | Asked customer to visit store with original ID, re-verification done | SIM activated same day",SIM activation completed after tele-verification or KYC re-verification at the store.,meera,KB-018
TCK-10022,2026-10-01T10:54:25+05:30,2026-10-01T12:14:25+05:30,app,CUST-241176,Hyderabad,Relocation request,how to transfer my wifi connectin to the new address. Thanks.,broadband,installation_relocation,low,,neutral,request,relocation|shifting charges|shifting,"Shifting visit was missed, rebooked for next day | Paused billing for the days without service | Connection shifted and re-provisioned",Connection shifted to the new address after feasibility; charges waived/billing paused where applicable.,ravi,KB-012
TCK-10023,2026-10-01T11:14:03+05:30,2026-10-01T14:52:03+05:30,app,CUST-177353,Chennai,Refund annual plan,"i want a refund of my router cost, it nveer worked proprely let me know.",billing,refund_compensation,critical,compensation,neutral,request,approval limit|credit|waiver,Explained refund needs approval and did not promise an amount | Admin approved pro-rata refund of unused months to source account | Refund processed in 7 working days,Refund request above agent limit approved by admin (pro-rata or replacement + credit).,meera,KB-034
TCK-10024,2026-10-01T11:24:18+05:30,2026-10-01T16:48:18+05:30,phone,CUST-261505,Bengaluru,no signal on tv,This is ridiculous. picture freezing and breaking on all channels I want this fixed TODAY.,dth,dth_signal_loss,medium,,angry,incident,cable|rain fade|e-code,"Signal strength 20% in settings menu | Raised dish alignment request, technician realigned the dish | Signal strength 78%, all channels working",DTH no signal from rain fade (temporary) or dish misalignment fixed by technician.,meera,KB-023
TCK-10025,2026-10-01T11:27:20+05:30,2026-10-01T15:14:20+05:30,chat,CUST-908239,Pune,4G not working,internet not working on my phone since morning even tohugh I have balance. kindly resolve soon,mobile,mobile_data_issue,medium,,frustrated,incident,mobile data|data balance|4g,Data balance available | Reset APN to default (mynet) and restarted phone | Data working,Mobile data restored via APN reset or explained exhausted daily quota with booster.,ravi,KB-016
TCK-10026,2026-10-01T11:38:03+05:30,2026-10-01T13:13:03+05:30,email,CUST-284229,Pune,3rd complaint - still disconnecting,"Worst service ever. I have raised complaints 5 times for frequent disconnection, still no permanent fix. ticket keeps getting closed without solving Is anyone even responsible there?!!",broadband,broadband_disconnection,high,,angry,problem,power cycle|los light|disconnection,"Reviewed complaint history and apologised for repeat issue | Pushed firmware update, changed WiFi channel, and scheduled a senior technician visit | Technician found loose connector at the splitter and fixed it | Applied automatic pro-rata credit for the downtime","Repeat disconnection: escalated to senior field team, root cause found (cable/splitter) and fixed.",ravi,KB-001|KB-002
TCK-10027,2026-10-01T11:38:30+05:30,2026-10-01T17:10:30+05:30,phone,CUST-859364,Hyderabad,calls cutting,"good morning, very poor signal in the office building, only 1 bar, calls cut afetr 1 min",mobile,mobile_network_coverage,medium,,neutral,incident,weak signal|indoor coverage|vowifi,"Drops only indoors, customer has home broadband | Enabled WiFi calling (VoWiFi) on customer's phone | Customer confirmed calls are clear at home",Indoor call drops handled with VoWiFi/VoLTE and coverage feedback to the planning team.,meera,KB-014
TCK-10028,2026-10-01T11:39:53+05:30,2026-10-01T16:54:53+05:30,phone,CUST-362865,Chennai,no service,"No network on my sim sine 2 days, tried restarting the phone. Is anyone even reponsible there?",mobile,mobile_network_coverage,high,,angry,incident,network selection|sim|emergency calls only,"Number active in CRM, no outage in area | Network selection was manual on another operator, set to automatic | Airplane mode toggle, service restored",No signal on a single SIM fixed by automatic network selection or SIM replacement.,meera,KB-013
TCK-10029,2026-10-01T11:44:33+05:30,2026-10-01T13:11:33+05:30,app,CUST-547470,Coimbatore,wifi disconnecting at night,"Hello team, My broadband drops every evening around 7 in the evening and comes back after 10-15 min. I work from home and my calls keep getting cut. kindly resolve soon",broadband,broadband_disconnection,high,,frustrated,incident,peak hours|channel|wifi congestion,"Checked line test in CRM, no sync loss on the line | Node utilisation report showed the access node above 85% during peak hours | Raised capacity ticket with network team, customer moved to a less loaded port | Asked customer to use 5 GHz WiFi for laptop and TV | Monitored for 2 evenings, connection stable","Evening drops caused by WiFi congestion / peak-hour load; channel changed, firmware updated, monitored.",meera,KB-002|KB-001
TCK-10030,2026-10-01T11:45:18+05:30,2026-10-01T16:27:18+05:30,email,CUST-806995,Mumbai,Relocation request,hi shifting request raised but no one came on the date given. please look into it urgently kya ho raha hai,broadband,installation_relocation,low,,frustrated,request,relocation|new address|transfer,"Shifting visit was missed, rebooked for next day | Paused billing for the days without service | Connection shifted and re-provisioned",Connection shifted to the new address after feasibility; charges waived/billing paused where applicable.,ravi,KB-012
TCK-10031,2026-10-01T11:47:38+05:30,2026-10-01T12:21:38+05:30,email,CUST-825411,Kolkata,Wrong charges on bill,"hi Bill is Rs 1,999 but my plan is only 799. extra charges I didnt ask for",billing,billing_dispute,medium,,frustrated,complaint,billing correction|bill|extra charges,"Walked customer through bill: pro-rata charge from plan upgrade mid cycle | Customer understood, no correction needed",Bill explained (pro-rata) or unrequested VAS removed and corrected within agent limit.,meera,KB-027
TCK-10032,2026-10-01T11:48:37+05:30,2026-10-01T14:48:37+05:30,email,CUST-354377,Hyderabad,Speed capped,"Hello team, speed dropped to almost nothing, app says I used 1200 GB. I dont think we used that much. kindly resolve soon",broadband,broadband_slow_speed,medium,,frustrated,incident,data limit|plan|speed reduced,"Checked usage in CRM, customer had crossed the FUP limit for the cycle | Explained reduced speed and reset date | Customer bought a 100 GB data top-up, speed restored within 15 minutes","Speed reduced due to FUP data limit; explained, top-up / plan upgrade offered, WiFi secured.",meera,KB-005
TCK-10033,2026-10-01T12:04:22+05:30,2026-10-01T15:46:22+05:30,chat,CUST-468292,Bengaluru,5G router showing 4G,"dear team, got the new 5g home router installed yesterday but it shos only 1-2 bars and the speed is poor",broadband,router_wifi_setup,medium,,neutral,incident,placement|airfiber|home router,"SIM activation was still pending in CRM, completed activation | Customer re-seated SIM and restarted router | Router connected on 5G","5G home router issues fixed by better placement near window, SIM activation or firmware update.",ravi,KB-010
TCK-10034,2026-10-01T12:09:05+05:30,2026-10-01T14:59:05+05:30,chat,CUST-440998,Hyderabad,no data in other state,"Hello team, No network sine I reached Jaipur yesterday please look into it urgently",mobile,mobile_network_coverage,medium,,frustrated,incident,national roaming|other state|network selection,"Reset APN to default | Refreshed subscriber profile from CRM | Customer restarted the phone, data and calls working","National roaming data fixed by enabling data roaming, automatic network and profile refresh.",meera,KB-015
TCK-10035,2026-10-01T12:32:47+05:30,2026-10-01T16:17:47+05:30,chat,CUST-536181,Kochi,Change wifi password,"Hi team, I think neighbours are using my wifi, want to change the password and name Thanks a lot!",broadband,router_wifi_setup,low,,positive,request,security|ssid|192.168.1.1,Router admin page 192.168.1.1 opened after connecting via LAN | Customer updated SSID and WPA2 password | Removed unknown devices from the connected list,WiFi name/password changed through the app or router admin page.,meera,KB-007
TCK-10036,2026-10-01T12:49:14+05:30,2026-10-01T15:25:14+05:30,phone,CUST-493247,Coimbatore,calls cutting,"hi call drop issue too much, especially at home in Peelamedu kindly resolve soon",mobile,mobile_network_coverage,medium,,frustrated,incident,call drop|weak signal|vowifi,"Drops only indoors, customer has home broadband | Enabled WiFi calling (VoWiFi) on customer's phone | Customer confirmed calls are clear at home",Indoor call drops handled with VoWiFi/VoLTE and coverage feedback to the planning team.,meera,KB-014
TCK-10037,2026-10-01T12:50:19+05:30,2026-10-01T14:55:19+05:30,chat,CUST-766833,Delhi,laptop not connecting to wifi,"Hi, iphone says no internet connection on wifi but wifi is connected. thank you",broadband,router_wifi_setup,low,,neutral,incident,cannot connect|authentication error|ip address,"Asked customer to forget the network and reconnect | Device still failed, it did not support WPA3 | Switched router security to WPA2/WPA3 mixed from ACS, device connected","Single device unable to join WiFi; fixed via reconnect, WPA2/WPA3 mixed mode or clearing device limit.",ravi,KB-009
TCK-10038,2026-10-01T12:51:28+05:30,2026-10-01T14:05:28+05:30,phone,CUST-367747,Coimbatore,mnp rejected,"dear team, my mnp request is stuck, old operator says there are no dues",mobile,sim_activation_porting,medium,,neutral,complaint,porting|upc code|port,"Port-in pending beyond timeline, escalated to MNP desk | Donor operator cleared the request | Number active on our network next day",Porting delay fixed by fresh UPC resubmission or escalation to the MNP desk.,ravi,KB-020
TCK-10039,2026-10-01T13:07:39+05:30,2026-10-01T17:41:39+05:30,phone,CUST-994863,Coimbatore,unknown charges,"Totally fed up with you people. Bill is Rs 12,000 but my plan is only 799. extra charges I didnt ask for Is anyone even responsible there?",billing,billing_dispute,medium,,angry,complaint,dispute|extra charges|bill,"Caller tune VAS activated without request | Deactivated VAS and raised billing correction of Rs 180 | Kept disputed amount on hold, shared dispute ID",Bill explained (pro-rata) or unrequested VAS removed and corrected within agent limit.,ravi,KB-027
TCK-10040,2026-10-01T13:10:00+05:30,2026-10-01T18:22:00+05:30,chat,CUST-995304,Mumbai,tower down,"Tower seems down, the entire locaity has no signal. Totally unacceptable!!",mobile,service_outage,high,,angry,incident,area down|outage|etr,"Tower site had power failure, incident active on dashboard | Tagged ticket to incident, shared ETR of 2 hours | Service restored after generator backup started","Mobile tower power failure; ticket tagged to incident, restored after backup power.",ravi,KB-031|KB-013
TCK-10041,2026-10-01T13:10:04+05:30,2026-10-01T16:33:04+05:30,phone,CUST-731661,Coimbatore,3rd complaint - still disconnecting,3rd complaint this month!! internet still disconnecting every day. your technician said its fixde but its not,broadband,broadband_disconnection,high,,frustrated,problem,router|los light|disconnection,"Reviewed complaint history and apologised for repeat issue | Pushed firmware update, changed WiFi channel, and scheduled a senior technician visit | Technician found loose connector at the splitter and fixed it | Applied automatic pro-rata credit for the downtime","Repeat disconnection: escalated to senior field team, root cause found (cable/splitter) and fixed.",meera,KB-001|KB-002
TCK-10042,2026-10-01T13:12:00+05:30,2026-10-01T17:39:00+05:30,chat,CUST-766566,Mumbai,Entire locality no signal,"moble signal gone across Andheri East, can't even call. pls fix asap",mobile,service_outage,high,,frustrated,incident,outage|area down|multiple customers,"Tower site had power failure, incident active on dashboard | Tagged ticket to incident, shared ETR of 2 hours | Service restored after generator backup started","Mobile tower power failure; ticket tagged to incident, restored after backup power.",meera,KB-031|KB-013
TCK-10043,2026-10-01T13:14:00+05:30,2026-10-01T16:21:00+05:30,phone,CUST-930489,Mumbai,Tower down,Worst service ever. all of us in office in Anheri East lost network together. I want this fixed TODAY!!,mobile,service_outage,high,,angry,incident,area down|fibre cut|multiple customers,"Tower site had power failure, incident active on dashboard | Tagged ticket to incident, shared ETR of 2 hours | Service restored after generator backup started","Mobile tower power failure; ticket tagged to incident, restored after backup power.",ravi,KB-031|KB-013
TCK-10044,2026-10-01T13:19:00+05:30,2026-10-01T15:23:00+05:30,chat,CUST-527070,Kolkata,Deposit refund,"Sir, Return my Rs 12,000 secuity deposit in cash. pls fix asap",billing,refund_compensation,critical,compensation,frustrated,request,credit|waiver|refund,"Router faulty within warranty, replacement offered instead of refund | Admin approved replacement and one month credit",Refund request above agent limit approved by admin (pro-rata or replacement + credit).,ravi,KB-034
TCK-10045,2026-10-01T13:26:58+05:30,2026-10-01T17:01:58+05:30,phone,CUST-520400,Chennai,Router reset - no internet,"i bought a new tp-link router, how to configure it with your connection? need pppoe details this is really affecting my work",broadband,router_wifi_setup,medium,,frustrated,incident,replacement|factory reset|credentials,"Company router, triggered re-provision from ACS | Customer rebooted after 5 minutes, internet light green | Helped customer set WiFi name and password again",Router reset/misconfiguration fixed by ACS re-provisioning or PPPoE reconfiguration.,meera,KB-008
TCK-10046,2026-10-01T13:28:00+05:30,2026-10-01T17:32:00+05:30,email,CUST-598597,Mumbai,Tower down,"Totally fed up with you people. No mobile network in Andheri East since afternoon, everyone is facing the same problem Totally unacceptable!!",mobile,service_outage,high,,angry,incident,etr|area down|tower down,"Tower site had power failure, incident active on dashboard | Tagged ticket to incident, shared ETR of 2 hours | Service restored after generator backup started","Mobile tower power failure; ticket tagged to incident, restored after backup power.",ravi,KB-031|KB-013
TCK-10047,2026-10-01T13:30:46+05:30,2026-10-01T18:19:46+05:30,app,CUST-221462,Mumbai,SIM activation pending,"hi, got kyc verification failed message, what to do thank you",mobile,sim_activation_porting,medium,,neutral,incident,kyc|sim activation|verification,Tele-verification was pending | Asked customer to call verification number from new SIM and confirm details | SIM activated within 30 minutes,SIM activation completed after tele-verification or KYC re-verification at the store.,ravi,KB-018
TCK-10048,2026-10-01T13:31:00+05:30,2026-10-01T18:46:00+05:30,phone,CUST-623147,Mumbai,Tower down,"Tower seems down, the entire locality has no signal. Pathetic service.",mobile,service_outage,high,,angry,incident,outage|multiple customers|area down,"Tower site had power failure, incident active on dashboard | Tagged ticket to incident, shared ETR of 2 hours | Service restored after generator backup started","Mobile tower power failure; ticket tagged to incident, restored after backup power.",ravi,KB-031|KB-013
TCK-10049,2026-10-01T13:33:22+05:30,2026-10-01T17:36:22+05:30,chat,CUST-386281,Kochi,Change plan,"Want to upgade to a faster plan, what are the options. Thanks.",billing,plan_change,low,,neutral,request,pro-rata|lock-in|upgrade,Downgrade scheduled from next billing cycle | Confirmation sent by SMS and email,"Plan upgraded (immediate, pro-rata) or downgraded from next cycle as requested.",ravi,KB-030|KB-005
TCK-10050,2026-10-01T13:35:43+05:30,2026-10-01T16:50:43+05:30,chat,CUST-235215,Pune,Repeated complaint not solved,"Totally fed up with you people. Same disconnection problem again after the engineer visit, nobody is taking responsibility. Fix it immediately or I will switch to another provider.",broadband,broadband_disconnection,high,,angry,problem,los light|router|cables,"Reviewed previous tickets, two closed without root cause | Line test showed high attenuation on the drop cable | Escalated to senior field team, drop cable replaced end to end | Router replaced as it was an end-of-life model | Monitored for 3 days and called customer, issue resolved","Repeat disconnection: escalated to senior field team, root cause found (cable/splitter) and fixed.",ravi,KB-001|KB-002
TCK-10051,2026-10-01T13:38:58+05:30,2026-10-01T18:20:58+05:30,email,CUST-894029,Coimbatore,Plan changed without permission,plan migrated to a costlier one without consent. plesae look into it urgently,billing,plan_change,medium,,frustrated,complaint,upgrade|plan change|downgrade,Plan change was done by a retention campaign without recorded consent | Restored old plan and raised billing correction for the difference,Unconsented plan change reverted and the difference corrected.,meera,KB-030|KB-027
TCK-10052,2026-10-01T13:45:46+05:30,2026-10-01T14:47:46+05:30,chat,CUST-234568,Kolkata,Not getting plan speed,"Dear team, slow speed issue. youtube buffering even at 480p. Let me know.",broadband,broadband_slow_speed,medium,,neutral,incident,wired test|slow speed|lan,"Asked customer to stop other downloads and run a wired speed test on laptop | Wired speed was 92% of plan, WiFi test from the bedroom was low | Explained 2.4 GHz vs 5 GHz and helped customer connect to the 5 GHz band | Customer confirmed better speed",Slow speed: wired test showed WiFi limitation (moved to 5 GHz) or wrong line profile corrected.,ravi,KB-004
TCK-10053,2026-10-01T13:50:19+05:30,2026-10-01T16:11:19+05:30,email,CUST-734366,Kochi,5g router showing 4g,"Hi, My 5G home wifi device says no SIM after a restart. Please help.",broadband,router_wifi_setup,medium,,neutral,incident,fwa|placement|airfiber,"Asked customer to move the 5G router near the window facing the tower using the app signal meter | Signal improved from 1 bar to 4 bars | Pushed firmware update, speed test 180 Mbps","5G home router issues fixed by better placement near window, SIM activation or firmware update.",meera,KB-010
TCK-10054,2026-10-01T13:55:00+05:30,2026-10-01T17:45:00+05:30,email,CUST-219879,Mumbai,Entire locality no signal,"hi, tower seems down, the entire loality has no signal. this is really affecting my work",mobile,service_outage,high,,frustrated,incident,outage|etr|tower down,"Tower site had power failure, incident active on dashboard | Tagged ticket to incident, shared ETR of 2 hours | Service restored after generator backup started","Mobile tower power failure; ticket tagged to incident, restored after backup power.",meera,KB-031|KB-013
TCK-10055,2026-10-01T13:56:09+05:30,2026-10-01T17:51:09+05:30,phone,CUST-127470,Delhi,slow 5g speed,"totally fed up with you people. 5g speed very slow, less than 1 mbps. is anyone even responsible there?",mobile,mobile_data_issue,medium,,angry,incident,network mode|4g|5g,"Network mode was 3G only, set to 5G/4G auto | Speed test 85 Mbps after change",Slow mobile data due to daily quota or wrong network mode; booster offered or mode fixed.,meera,KB-017
TCK-10056,2026-10-01T14:03:00+05:30,2026-10-01T16:39:00+05:30,chat,CUST-400548,Mumbai,Entire locality no signal,"Hello team, mobile siganl gone across Andheri East, can't even call this is really affecting my work",mobile,service_outage,high,,frustrated,incident,multiple customers|area down|outage,"Tower site had power failure, incident active on dashboard | Tagged ticket to incident, shared ETR of 2 hours | Service restored after generator backup started","Mobile tower power failure; ticket tagged to incident, restored after backup power.",meera,KB-031|KB-013
TCK-10057,2026-10-01T14:04:00+05:30,2026-10-01T16:27:00+05:30,store,CUST-783037,Mumbai,Entire locality no signal,"totally fed up with you people. no mobile network in andheri east sice afternoon, everyone is facing the same problem. i want this fixed today.",mobile,service_outage,high,,angry,incident,multiple customers|area down|tower down,"Tower site had power failure, incident active on dashboard | Tagged ticket to incident, shared ETR of 2 hours | Service restored after generator backup started","Mobile tower power failure; ticket tagged to incident, restored after backup power.",ravi,KB-031|KB-013
TCK-10058,2026-10-01T14:07:34+05:30,2026-10-01T17:35:34+05:30,email,CUST-499941,Bengaluru,no network on sim,"Hello team, My phone shosw emergency calls only since morning, cannot make any calls",mobile,mobile_network_coverage,high,,frustrated,incident,emergency calls only|network selection|sim,"Number active in CRM, no outage in area | Network selection was manual on another operator, set to automatic | Airplane mode toggle, service restored",No signal on a single SIM fixed by automatic network selection or SIM replacement.,meera,KB-013
TCK-10059,2026-10-01T14:19:46+05:30,2026-10-01T14:44:46+05:30,email,CUST-109738,Chennai,router settings changed,"hi, changed some settings in the router page and internet stopped. pls help thank you",broadband,router_wifi_setup,medium,,neutral,incident,credentials|factory reset|replacement,"Company router, triggered re-provision from ACS | Customer rebooted after 5 minutes, internet light green | Helped customer set WiFi name and password again",Router reset/misconfiguration fixed by ACS re-provisioning or PPPoE reconfiguration.,meera,KB-008
TCK-10060,2026-10-01T14:22:36+05:30,2026-10-01T17:07:36+05:30,phone,CUST-736553,Bengaluru,No internet - red light,"Hello, router showing red LOS light and PON light off, completely dead since three days Please help.",broadband,broadband_disconnection,high,,neutral,incident,no internet|los|ont,"Confirmed LOS light red, no area outage on dashboard | Asked customer to check the green fibre connector, it was firmly connected | Raised fibre fault ticket, technician found cut fibre near building entrance and spliced it | Internet restored, customer confirmed",Red LOS light: fibre cut repaired by field technician or loose patch cord reconnected.,ravi,KB-003
TCK-10061,2026-10-01T14:24:23+05:30,2026-10-01T18:34:23+05:30,phone,CUST-189870,Bengaluru,air fiber device issue,"hi 5g home router speed changes a lot, morning 200 mbps evening 20 please do the needful",broadband,router_wifi_setup,medium,,frustrated,incident,fwa|home router|signal bars,"SIM activation was still pending in CRM, completed activation | Customer re-seated SIM and restarted router | Router connected on 5G","5G home router issues fixed by better placement near window, SIM activation or firmware update.",meera,KB-010
TCK-10062,2026-10-01T14:29:10+05:30,2026-10-01T16:12:10+05:30,email,CUST-373056,Mumbai,Roaming bill wrong,"This is ridiculous. roaming charges on the bill are wrong, I hardly used data. Totally unacceptable!!",mobile,roaming,medium,,angry,complaint,bill shock|roaming charges|data roaming,Pulled roaming usage records | Usage happened after pack expiry on the last day | Explained charges; customer accepted,Roaming charges explained from usage records or corrected when billed in error.,ravi,KB-022
TCK-10063,2026-10-01T14:38:28+05:30,2026-10-01T17:59:28+05:30,phone,CUST-995296,Coimbatore,Installation pending,"Sir, Booked fiber connection last week, payment done, no update at all kindly resolve soon",broadband,installation_relocation,medium,,frustrated,complaint,technician|new connection|installation,"Order was stuck on technician scheduling | Apologised and booked the earliest slot next morning, marked order as priority | Installation completed next day",Installation delay resolved by priority rescheduling or completing building permission (NOC).,ravi,KB-011
TCK-10064,2026-10-01T15:06:52+05:30,2026-10-01T20:50:52+05:30,phone,CUST-473897,Coimbatore,plan changed without permission,"Hi, got message that my plan is chanegd to 999, I didnt request this. kindly resolve soon",billing,plan_change,medium,,frustrated,complaint,lock-in|pro-rata|upgrade,Plan change was done by a retention campaign without recorded consent | Restored old plan and raised billing correction for the difference,Unconsented plan change reverted and the difference corrected.,meera,KB-030|KB-027
TCK-10065,2026-10-01T15:09:22+05:30,2026-10-01T16:31:22+05:30,chat,CUST-474664,Kolkata,Refund for downtime,i want compensation of rs 5000 for the loss of business due to your outage. please look into it urgently kya ho raha hai,broadband,refund_compensation,critical,compensation,frustrated,complaint,refund|compensation|approval limit,Business loss compensation is outside policy | Admin reviewed and approved one month rental waiver as goodwill,Compensation above agent limit sent for admin approval; pro-rata credit plus approved waiver.,ravi,KB-034|KB-031
TCK-10066,2026-10-01T15:09:36+05:30,2026-10-01T20:08:36+05:30,store,CUST-596025,Chennai,Air fiber device issue,Got the new 5G home router installed yesterady but it shows only 1-2 bars and the sped is poor. kindly resolve soon,broadband,router_wifi_setup,medium,,frustrated,incident,airfiber|fwa|signal bars,"SIM activation was still pending in CRM, completed activation | Customer re-seated SIM and restarted router | Router connected on 5G","5G home router issues fixed by better placement near window, SIM activation or firmware update.",meera,KB-010
TCK-10067,2026-10-01T15:23:40+05:30,2026-10-01T20:15:40+05:30,app,CUST-381433,Kolkata,Internet going on and off,"Hello, broadband connection unstable since three days, drops for a few minutes then comes back. pls check. Thanks.",broadband,broadband_disconnection,high,,neutral,incident,los light|cables|router,"Line test in CRM showed repeated sync loss | Raised line fault ticket, field technician replaced damaged patch cord at the building box | Customer confirmed stable connection after the visit","Random drops fixed by router power cycle / cable re-seat, or line fault repaired by field visit.",meera,KB-001
TCK-10068,2026-10-01T15:27:38+05:30,2026-10-01T17:19:38+05:30,phone,CUST-848225,Chennai,Recharge wrong ID,"Hello, Did a recharge of Rs 450 one hour back, still showing the recharge message. thank you",dth,dth_channels_recharge,low,,neutral,incident,recharge|refresh|channels missing,"Recharge confirmed in CRM | Sent refresh command with box on, channels back in 10 minutes",Missing channels restored with refresh command or recharge transferred to correct ID.,ravi,KB-025
TCK-10069,2026-10-01T15:30:22+05:30,2026-10-01T17:31:22+05:30,email,CUST-839485,Kochi,internet going on and off,Net is going on and off the whole day. not able to attend my online classes properly,broadband,broadband_disconnection,high,,neutral,incident,los light|cables|disconnection,"Asked customer to note router lights during a drop, PON light stayed on and only internet light went off | Power cycled the router (30 seconds off) and re-seated the LAN and fibre patch cords | Re-provisioned router session from ACS | Monitored for 24 hours, no further drops","Random drops fixed by router power cycle / cable re-seat, or line fault repaired by field visit.",ravi,KB-001
TCK-10070,2026-10-01T15:47:52+05:30,2026-10-01T20:15:52+05:30,phone,CUST-623238,Coimbatore,poor indoor signal,"hello, calls keep dropping inside my house, have to go to the balcony to talk please help.",mobile,mobile_network_coverage,medium,,neutral,incident,vowifi|indoor coverage|weak signal,Logged coverage feedback for the address with the planning team | Enabled VoLTE and updated phone software | Explained VoWiFi as interim fix,Indoor call drops handled with VoWiFi/VoLTE and coverage feedback to the planning team.,meera,KB-014
TCK-10071,2026-10-01T15:52:29+05:30,2026-10-01T19:55:29+05:30,email,CUST-170394,Chennai,LOS red light on router,"Hi, Fiber wire looks cut near the building gate after the road work, internet totlly gone. Thanks.",broadband,broadband_disconnection,high,,neutral,incident,field visit|fibre cut|no internet,"Checked outage dashboard, no active incident | Customer found the fibre patch cord pulled out behind the router and reconnected it | LOS light turned off, PON green, internet working",Red LOS light: fibre cut repaired by field technician or loose patch cord reconnected.,meera,KB-003
TCK-10072,2026-10-01T16:01:07+05:30,2026-10-01T20:27:07+05:30,chat,CUST-153395,Kochi,Bill amount too high,This is ridiculous. Why is there a caller tune charge on my bill? never activated it. Fix it immediately or I will switch to another provider.,billing,billing_dispute,medium,,angry,complaint,billing correction|wrong charges|bill,"Walked customer through bill: pro-rata charge from plan upgrade mid cycle | Customer understood, no correction needed",Bill explained (pro-rata) or unrequested VAS removed and corrected within agent limit.,meera,KB-027
TCK-10073,2026-10-01T16:20:11+05:30,2026-10-01T19:39:11+05:30,phone,CUST-189771,Delhi,Frequent disconnection,"broadband connection unstable since last week, drops for a few minutes then comes back. pls check",broadband,broadband_disconnection,high,,neutral,incident,los light|power cycle|cables,"Line test in CRM showed repeated sync loss | Raised line fault ticket, field technician replaced damaged patch cord at the building box | Customer confirmed stable connection after the visit","Random drops fixed by router power cycle / cable re-seat, or line fault repaired by field visit.",meera,KB-001
TCK-10074,2026-10-01T16:21:26+05:30,2026-10-01T17:02:26+05:30,phone,CUST-669578,Delhi,Network issue after travel,"in jaipur for work, data not working at all kindly rseolve soon",mobile,mobile_network_coverage,medium,,frustrated,incident,travel|national roaming|other state,"Reset APN to default | Refreshed subscriber profile from CRM | Customer restarted the phone, data and calls working","National roaming data fixed by enabling data roaming, automatic network and profile refresh.",meera,KB-015
TCK-10075,2026-10-01T16:23:19+05:30,2026-10-01T19:05:19+05:30,email,CUST-106092,Mumbai,sim swap fraud,"Hi, My number got poretd out without my knowledge",mobile,fraud_account_security,critical,fraud,frustrated,incident,account takeover|bank fraud|block sim,"Verified caller with security questions | Immediately blocked the SIM and suspended outgoing services | Advised customer to inform bank and report on cyber crime helpline 1930 | Admin approved restoration after in-store verification with original ID, fraud team investigating","SIM swap: number blocked immediately, bank/cyber crime advised, restoration after verification with admin approval.",ravi,KB-033
TCK-10076,2026-10-01T16:31:32+05:30,2026-10-01T21:26:32+05:30,email,CUST-596330,Hyderabad,wrong charges on bill,"Hi, my bill doubled this month without any reason",billing,billing_dispute,medium,,neutral,complaint,billing correction|dispute|extra charges,"Walked customer through bill: pro-rata charge from plan upgrade mid cycle | Customer understood, no correction needed",Bill explained (pro-rata) or unrequested VAS removed and corrected within agent limit.,ravi,KB-027
TCK-10077,2026-10-01T16:38:21+05:30,2026-10-01T22:03:21+05:30,email,CUST-460517,Bengaluru,Service suspended,late payemnt charges added though I paid on time Totally unacceptable!!,billing,billing_dispute,medium,,angry,complaint,autopay|auto debit|late fee,"Mandate active and balance available, failure was on our side | Waived late fee and restored service",Late fee waived when autopay failed on our side; new mandate registered otherwise.,meera,KB-029
TCK-10078,2026-10-01T16:44:25+05:30,2026-10-01T19:32:25+05:30,email,CUST-639926,Chennai,Final warning,i have complained four times about my broadband. if it is not fixed by tomorrow i will send a legal notice through my lawyer fix it immediately or i will switch to another provider. bhai please check,broadband,legal_regulatory,critical,legal,angry,complaint,trai|ombudsman|appellate authority,"Recorded customer's exact statement and any notice reference | Summarised full complaint history (5 previous tickets) for escalation team | Admin approved: priority senior technician visit and Rs 500 goodwill credit, no admission of liability | Senior team member called the customer within 24 hours",Legal threat escalated with full history; admin-approved resolution shared by senior team.,meera,KB-032
TCK-10079,2026-10-01T16:54:50+05:30,2026-10-01T17:43:50+05:30,phone,CUST-852570,Pune,box dead,"Sir, STB stuck on the logo screen and keesp restarting. pls fix asap",dth,dth_signal_loss,medium,,frustrated,incident,power adapter|boot loop|set-top box,"Power adapter faulty after surge | Raised box replacement under warranty, delivered next day",STB fixed by forced restart/software update or replaced under warranty.,meera,KB-024
TCK-10080,2026-10-01T16:55:40+05:30,2026-10-01T20:35:40+05:30,chat,CUST-529068,Hyderabad,Installation pending,"sir, booked fiber connection last week, payment done, no update at all. this is really affecting my work",broadband,installation_relocation,medium,,frustrated,complaint,delay|new connection|feasibility,"Feasibility pending because society NOC was missing | Shared NOC letter template with customer | After NOC, installation completed within 48 hours",Installation delay resolved by priority rescheduling or completing building permission (NOC).,ravi,KB-011
TCK-10081,2026-10-01T17:00:44+05:30,2026-10-01T19:56:44+05:30,email,CUST-999596,Mumbai,Charged for roaming,"Sir, Huge international roaming charges after my Thailand trip, I had an active IR pack",mobile,roaming,medium,,frustrated,complaint,roaming charges|dispute|bill shock,Pulled roaming usage records | Usage happened after pack expiry on the last day | Explained charges; customer accepted,Roaming charges explained from usage records or corrected when billed in error.,meera,KB-022
TCK-10082,2026-10-01T17:10:04+05:30,2026-10-01T22:26:04+05:30,email,CUST-153015,Mumbai,5g home router low signal,"Good morning, 5G home router speed changes a lot, morning 200 mbps evening 20. Please help.",broadband,router_wifi_setup,medium,,neutral,incident,home router|signal bars|placement,"Asked customer to move the 5G router near the window facing the tower using the app signal meter | Signal improved from 1 bar to 4 bars | Pushed firmware update, speed test 180 Mbps","5G home router issues fixed by better placement near window, SIM activation or firmware update.",ravi,KB-010
TCK-10083,2026-10-01T17:21:27+05:30,2026-10-01T18:22:27+05:30,chat,CUST-202046,Kolkata,Grievance portal complaint,Complaint registered on the government grievance portal against your service please do the needful,billing,legal_regulatory,critical,regulatory,frustrated,complaint,trai|lawyer|consumer court,"Recorded regulator docket number and complaint details | Marked critical regulatory, attached history | Admin reviewed and approved the reply; senior team contacted customer within 24 hours",Regulatory complaint logged with docket; admin-approved response by senior team.,meera,KB-032
TCK-10084,2026-10-01T17:32:21+05:30,2026-10-01T22:38:21+05:30,phone,CUST-690500,Delhi,4G not working,"Sir, my sim internet stopped suddenly, is it apn settings? kindly resolve soon",mobile,mobile_data_issue,medium,,frustrated,incident,internet not working|4g|5g,Daily data quota was exhausted | Explained reset time and customer bought a 2 GB booster | Data working immediately,Mobile data restored via APN reset or explained exhausted daily quota with booster.,meera,KB-016
TCK-10085,2026-10-01T17:37:21+05:30,2026-10-01T21:55:21+05:30,chat,CUST-455007,Chennai,frequent disconnection,"Sir, Net is going on and off the whole day. not able to atted my online classes properly",broadband,broadband_disconnection,high,,frustrated,incident,router|cables|power cycle,"Asked customer to note router lights during a drop, PON light stayed on and only internet light went off | Power cycled the router (30 seconds off) and re-seated the LAN and fibre patch cords | Re-provisioned router session from ACS | Monitored for 24 hours, no further drops","Random drops fixed by router power cycle / cable re-seat, or line fault repaired by field visit.",meera,KB-001
TCK-10086,2026-10-01T17:38:30+05:30,2026-10-01T22:14:30+05:30,phone,CUST-382967,Mumbai,slow 5g speed,worst service ever. getting very low speed on 4g in thane since last week totally unacceptable!!,mobile,mobile_data_issue,medium,,angry,incident,5g|congestion|speed,"Network mode was 3G only, set to 5G/4G auto | Speed test 85 Mbps after change",Slow mobile data due to daily quota or wrong network mode; booster offered or mode fixed.,meera,KB-017
TCK-10087,2026-10-01T17:41:03+05:30,2026-10-01T20:29:03+05:30,phone,CUST-142875,Pune,Unknown OTPs,Someone changed the registered email on my acconut and I'm getting OTPs I didn't request Fix it immediately or I will switch to another provider!!,mobile,fraud_account_security,critical,fraud,angry,incident,bank fraud|account takeover|fraud,"Explained we never ask for OTP or UPC over calls | Logged the caller number for fraud team | Advised customer to report on 1930, admin reviewed","Account takeover: account locked, credentials reset, fraud team engaged, admin reviewed.",meera,KB-033
TCK-10088,2026-10-01T17:42:47+05:30,2026-10-01T20:51:47+05:30,email,CUST-803724,Pune,KYC failed,"Hi, Buoght a new sim yesterday, still not activated. thank you",mobile,sim_activation_porting,medium,,neutral,incident,kyc|new sim|verification,Tele-verification was pending | Asked customer to call verification number from new SIM and confirm details | SIM activated within 30 minutes,SIM activation completed after tele-verification or KYC re-verification at the store.,meera,KB-018
TCK-10089,2026-10-01T17:46:53+05:30,2026-10-01T23:21:53+05:30,email,CUST-630829,Pune,call drops at home,"Hi, call drop isse too much, especially at home in Kothrud. Let me know.",mobile,mobile_network_coverage,medium,,neutral,incident,wifi calling|weak signal|vowifi,"Drops only indoors, customer has home broadband | Enabled WiFi calling (VoWiFi) on customer's phone | Customer confirmed calls are clear at home",Indoor call drops handled with VoWiFi/VoLTE and coverage feedback to the planning team.,meera,KB-014
TCK-10090,2026-10-01T17:48:16+05:30,2026-10-01T21:25:16+05:30,store,CUST-384459,Mumbai,mobile data slow,data speed super slow after afternoon every day Pathetic service. jaldi karo please,mobile,mobile_data_issue,medium,,angry,incident,4g|5g|slow data,"Daily high-speed data used up by afternoon, speed reduced to 64 kbps | Explained and offered booster pack",Slow mobile data due to daily quota or wrong network mode; booster offered or mode fixed.,ravi,KB-017
TCK-10091,2026-10-01T17:59:21+05:30,2026-10-01T22:55:21+05:30,phone,CUST-623460,Chennai,remove channels,"Hello, how to remove some channels to reduce my monthly bill. thanks in advance :)",dth,dth_channels_recharge,low,,positive,request,add channel|remove channel|channel pack,"Removed two packs, explained pro-rata credit | Explained base pack channels cannot be removed individually",Channel packs added/removed; NCF and pro-rata credit explained.,meera,KB-026
TCK-10092,2026-10-01T18:04:37+05:30,2026-10-01T21:30:37+05:30,phone,CUST-163429,Coimbatore,late fee despite autopay,Auto debit failed and my services got suspended. please do the needful,billing,billing_dispute,medium,,frustrated,complaint,mandate|due date|autopay,Mandate expired after card replacement | Helped customer register new mandate in the app | Gave one-time late fee waiver as goodwill,Late fee waived when autopay failed on our side; new mandate registered otherwise.,ravi,KB-029
TCK-10093,2026-10-01T18:11:30+05:30,2026-10-01T19:42:30+05:30,email,CUST-340633,Chennai,Call drops at home,"Hello team, Calls keep dropping inside my house, have to go to the balcony to talk. this is really affecting my work",mobile,mobile_network_coverage,medium,,frustrated,incident,wifi calling|weak signal|indoor coverage,"Drops only indoors, customer has home broadband | Enabled WiFi calling (VoWiFi) on customer's phone | Customer confirmed calls are clear at home",Indoor call drops handled with VoWiFi/VoLTE and coverage feedback to the planning team.,meera,KB-014
TCK-10094,2026-10-01T18:16:00+05:30,2026-10-01T19:59:00+05:30,chat,CUST-614379,Mumbai,No service,"totally fed up with you people. not able to call or sms, network completely gone on my number. is anyone even responsible there?!!",mobile,mobile_network_coverage,high,,angry,incident,network selection|no signal|emergency calls only,"SIM did not work in another phone either | Issued free SIM replacement at the nearest store | New SIM activated in 2 hours, service restored",No signal on a single SIM fixed by automatic network selection or SIM replacement.,ravi,KB-013
TCK-10095,2026-10-01T18:24:22+05:30,2026-10-01T21:10:22+05:30,chat,CUST-315425,Mumbai,Router reset - no internet,"sir, i bought a new tp-link router, how to configure it with your connection? need pppoe details. please look into it urgently",broadband,router_wifi_setup,medium,,frustrated,incident,pppoe|router configuration|credentials,"Company router, triggered re-provision from ACS | Customer rebooted after 5 minutes, internet light green | Helped customer set WiFi name and password again",Router reset/misconfiguration fixed by ACS re-provisioning or PPPoE reconfiguration.,ravi,KB-008
TCK-10096,2026-10-01T18:25:47+05:30,2026-10-01T19:41:47+05:30,app,CUST-699672,Kolkata,final warning,Totally fed up with you people. My advocate is drafting a legal notice for the repeated overcharging. Fix it immediately or I will switch to another provider.,broadband,legal_regulatory,critical,legal,angry,complaint,trai|appellate authority|consumer court,"Did not argue or discourage the customer, no promises made | Escalated as critical legal case with complete history | Admin approved billing correction after review, shared with customer by senior team",Legal threat escalated with full history; admin-approved resolution shared by senior team.,ravi,KB-032
TCK-10097,2026-10-01T18:28:00+05:30,2026-10-01T23:59:00+05:30,phone,CUST-265092,Hyderabad,Call drops at home,"call drop issue too much, especially at home in Gachibowli please do the needful",mobile,mobile_network_coverage,medium,,frustrated,incident,weak signal|indoor coverage|vowifi,"Drops only indoors, customer has home broadband | Enabled WiFi calling (VoWiFi) on customer's phone | Customer confirmed calls are clear at home",Indoor call drops handled with VoWiFi/VoLTE and coverage feedback to the planning team.,ravi,KB-014
TCK-10098,2026-10-01T18:30:09+05:30,2026-10-01T19:23:09+05:30,app,CUST-818791,Kochi,kyc failed,"Good morning, Got KYC verifiation failed message, what to do. thank you",mobile,sim_activation_porting,medium,,neutral,incident,verification|new sim|replacement sim,"KYC failed due to document mismatch | Asked customer to visit store with original ID, re-verification done | SIM activated same day",SIM activation completed after tele-verification or KYC re-verification at the store.,meera,KB-018
TCK-10099,2026-10-01T18:42:59+05:30,2026-10-01T23:39:59+05:30,chat,CUST-117975,Bengaluru,need mesh wifi,"Sir, speed good near router but bad in other rooms. do you provide mesh?",broadband,broadband_slow_speed,low,,frustrated,request,wifi coverage|dead zone|range,"Home is a duplex of about 1800 sq ft | Offered mesh WiFi add-on, customer accepted | Mesh node installed upstairs, signal strong on both floors",Weak WiFi coverage fixed by router placement or mesh add-on.,ravi,KB-006
TCK-10100,2026-10-01T18:44:05+05:30,2026-10-01T23:36:05+05:30,phone,CUST-817303,Kochi,eSIM QR code,"Dear team, how to get eSIM QR code. Let me know.",mobile,sim_activation_porting,low,,neutral,request,qr code|activation|new phone,"Confirmed phone supports eSIM | Customer requested eSIM in MyNet app, verified OTP and verification call | QR code emailed, eSIM activated within 2 hours","eSIM issued via app request, OTP and verification call; QR emailed and activated.",meera,KB-019
TCK-10101,2026-10-01T18:53:17+05:30,2026-10-01T23:59:00+05:30,phone,CUST-824586,Delhi,broadband unstable in evening,"sir, my broadband drops every evening around 8 pm and comes back after 10-15 min. i work from home and my calls keep getting cut. pls fix asap",broadband,broadband_disconnection,high,,frustrated,incident,peak hours|channel|5ghz,"Checked line test in CRM, no sync loss on the line | Node utilisation report showed the access node above 85% during peak hours | Raised capacity ticket with network team, customer moved to a less loaded port | Asked customer to use 5 GHz WiFi for laptop and TV | Monitored for 2 evenings, connection stable","Evening drops caused by WiFi congestion / peak-hour load; channel changed, firmware updated, monitored.",meera,KB-002|KB-001
TCK-10102,2026-10-01T18:55:50+05:30,2026-10-01T22:51:50+05:30,chat,CUST-326639,Bengaluru,SIM activation pending,"dear team, got kyc veirfication failed message, what to do. thank you",mobile,sim_activation_porting,medium,,neutral,incident,replacement sim|kyc|verification,Tele-verification was pending | Asked customer to call verification number from new SIM and confirm details | SIM activated within 30 minutes,SIM activation completed after tele-verification or KYC re-verification at the store.,ravi,KB-018
TCK-10103,2026-10-01T19:01:05+05:30,2026-10-01T20:48:05+05:30,phone,CUST-654527,Delhi,No signal on TV,"after the storm yeterday no signal on tv, dish may have moved",dth,dth_signal_loss,medium,,frustrated,incident,rain fade|e-code|no signal,"Heavy rain in area, explained rain fade | Signal returned once rain stopped",DTH no signal from rain fade (temporary) or dish misalignment fixed by technician.,ravi,KB-023
TCK-10104,2026-10-01T19:02:12+05:30,2026-10-01T23:29:12+05:30,phone,CUST-880900,Coimbatore,Mobile data not working,"Dear team, Mobile data not working, calls fine. Shows 4G but nothing opens. Let me know.",mobile,mobile_data_issue,medium,,neutral,incident,data balance|internet not working|5g,Daily data quota was exhausted | Explained reset time and customer bought a 2 GB booster | Data working immediately,Mobile data restored via APN reset or explained exhausted daily quota with booster.,ravi,KB-016
TCK-10105,2026-10-01T19:06:06+05:30,2026-10-01T22:46:06+05:30,phone,CUST-561477,Pune,router settings changed,"hi, i bought a new tp-link router, how to confgure it with your connection? need pppoe details",broadband,router_wifi_setup,medium,,frustrated,incident,pppoe|factory reset|router configuration,"Company router, triggered re-provision from ACS | Customer rebooted after 5 minutes, internet light green | Helped customer set WiFi name and password again",Router reset/misconfiguration fixed by ACS re-provisioning or PPPoE reconfiguration.,ravi,KB-008
TCK-10106,2026-10-01T19:07:19+05:30,2026-10-01T22:34:19+05:30,chat,CUST-305222,Hyderabad,TV picture breaking,picture freezing and breaking on all channels. pls fix asap,dth,dth_signal_loss,medium,,frustrated,incident,lnb|no signal|dish,"Heavy rain in area, explained rain fade | Signal returned once rain stopped",DTH no signal from rain fade (temporary) or dish misalignment fixed by technician.,ravi,KB-023
TCK-10107,2026-10-01T19:35:03+05:30,2026-10-01T23:59:00+05:30,email,CUST-750338,Kolkata,Autopay failed,Totally fed up with you people. my autopay mandate stopped working after my new card. Fix it immediately or I will switch to another provider.,billing,billing_dispute,medium,,angry,complaint,auto debit|autopay|due date,Mandate expired after card replacement | Helped customer register new mandate in the app | Gave one-time late fee waiver as goodwill,Late fee waived when autopay failed on our side; new mandate registered otherwise.,ravi,KB-029
TCK-10108,2026-10-01T19:35:57+05:30,2026-10-01T21:11:57+05:30,email,CUST-389366,Kolkata,weak wifi in rooms,Upstairs room has no wifi signal at all. Need some soution for a 2 floor house. thank you,broadband,broadband_slow_speed,low,,neutral,request,range|dead zone|mesh,"Home is a duplex of about 1800 sq ft | Offered mesh WiFi add-on, customer accepted | Mesh node installed upstairs, signal strong on both floors",Weak WiFi coverage fixed by router placement or mesh add-on.,ravi,KB-006
TCK-10109,2026-10-01T19:36:40+05:30,2026-10-01T21:39:40+05:30,phone,CUST-226126,Coimbatore,Double debit,"Totally fed up with you people. Paid the bill though UPI, money deducted but it still shows due Totally unacceptable!!",billing,billing_dispute,medium,,angry,incident,refund|recharge failed|money deducted,"Took UPI reference, found successful payment in console | Posted payment to the account manually | Due amount cleared",Payment posted manually from console or duplicate debit refunded to source.,meera,KB-028
TCK-10110,2026-10-01T19:40:46+05:30,2026-10-01T21:11:46+05:30,chat,CUST-404955,Delhi,Installation pending,"Hello team, Installation appointment missed 3 times. nobody calls before coming",broadband,installation_relocation,medium,,frustrated,complaint,delay|technician|new connection,"Order was stuck on technician scheduling | Apologised and booked the earliest slot next morning, marked order as priority | Installation completed next day",Installation delay resolved by priority rescheduling or completing building permission (NOC).,ravi,KB-011
TCK-10111,2026-10-01T19:47:55+05:30,2026-10-01T23:59:00+05:30,phone,CUST-142004,Delhi,High roaming charges,"Worst service ever. Huge international roaming charges after my Thailand trip, I had an active IR pack. Is anyone even responsible there?",mobile,roaming,medium,,angry,complaint,dispute|bill shock|ir pack,Pulled roaming usage records | Usage happened after pack expiry on the last day | Explained charges; customer accepted,Roaming charges explained from usage records or corrected when billed in error.,ravi,KB-022
TCK-10112,2026-10-01T19:52:04+05:30,2026-10-01T23:59:00+05:30,phone,CUST-847581,Mumbai,Internet drops every evening,"worst service ever. wifi disconnecting at night daily, between 8:30 and 11. during the day its perfect. whats going on?? i want this fixed today!!",broadband,broadband_disconnection,high,,angry,incident,wifi congestion|5ghz|channel,"Confirmed with customer that drops happen daily between 8 PM and 11 PM | Customer ran a wired speed test during the drop window, wired connection was stable so issue is on WiFi | Changed 2.4 GHz channel from auto to channel 11 via ACS and enabled 5 GHz band | Pushed latest router firmware and rebooted the router | Called back next evening, customer confirmed no drops","Evening drops caused by WiFi congestion / peak-hour load; channel changed, firmware updated, monitored.",ravi,KB-002|KB-001
TCK-10113,2026-10-01T19:57:25+05:30,2026-10-01T23:48:25+05:30,email,CUST-227091,Kochi,MNP rejected,"Sir, want to port out, need UPC code but not receiving it please look into it urgently",mobile,sim_activation_porting,medium,,frustrated,complaint,number transfer|port|mnp,Rejection reason in CRM: UPC expired | Asked customer to generate a fresh UPC and resubmitted the request | Porting completed in 3 working days,Porting delay fixed by fresh UPC resubmission or escalation to the MNP desk.,ravi,KB-020
TCK-10114,2026-10-01T19:58:22+05:30,2026-10-01T21:01:22+05:30,store,CUST-811027,Pune,slow speed,Worst service ever. slow speed issue. youtube buffering even at 480p. Fix it immeditaely or I will switch to another provider.,broadband,broadband_slow_speed,medium,,angry,incident,wired test|wifi|speed test,"Wired speed test was below 50% of plan | Checked FUP status, not exhausted; line profile in CRM was set to an old lower plan | Corrected the line profile and restarted the router | Speed test after fix matched plan speed",Slow speed: wired test showed WiFi limitation (moved to 5 GHz) or wrong line profile corrected.,meera,KB-004
TCK-10115,2026-10-01T20:01:44+05:30,2026-10-01T23:59:00+05:30,app,CUST-589251,Bengaluru,double debit,"This is ridiculous. payment of Rs 1,999 deducted, not reflected in account yet Is anyone even responsible there?",billing,billing_dispute,medium,,angry,incident,double debit|upi|refund,"Took UPI reference, found successful payment in console | Posted payment to the account manually | Due amount cleared",Payment posted manually from console or duplicate debit refunded to source.,ravi,KB-028
TCK-10116,2026-10-01T20:07:58+05:30,2026-10-01T20:53:58+05:30,email,CUST-291755,Bengaluru,calls cutting,"Sir, network weak indoors, voice breaking on calls. please do the needufl",mobile,mobile_network_coverage,medium,,frustrated,incident,vowifi|weak signal|indoor coverage,Logged coverage feedback for the address with the planning team | Enabled VoLTE and updated phone software | Explained VoWiFi as interim fix,Indoor call drops handled with VoWiFi/VoLTE and coverage feedback to the planning team.,meera,KB-014
TCK-10117,2026-10-01T20:08:24+05:30,2026-10-01T23:03:24+05:30,chat,CUST-369836,Mumbai,MNP rejected,"Porting my numer to your network, its been 5 days and still not done. pls fix asap",mobile,sim_activation_porting,medium,,frustrated,complaint,mnp|porting|port,"Port-in pending beyond timeline, escalated to MNP desk | Donor operator cleared the request | Number active on our network next day",Porting delay fixed by fresh UPC resubmission or escalation to the MNP desk.,ravi,KB-020
TCK-10118,2026-10-01T20:09:01+05:30,2026-10-01T23:59:00+05:30,email,CUST-519066,Kochi,Broadband unstable in evening,"wifi disconnecting at night daily, between 8 pm and 11. during the day its perfect. whats going on??",broadband,broadband_disconnection,high,,frustrated,incident,firmware|5ghz|peak hours,"Checked line test in CRM, no sync loss on the line | Node utilisation report showed the access node above 85% during peak hours | Raised capacity ticket with network team, customer moved to a less loaded port | Asked customer to use 5 GHz WiFi for laptop and TV | Monitored for 2 evenings, connection stable","Evening drops caused by WiFi congestion / peak-hour load; channel changed, firmware updated, monitored.",meera,KB-002|KB-001
TCK-10119,2026-10-01T20:19:29+05:30,2026-10-01T21:02:29+05:30,chat,CUST-790666,Kolkata,set top box not starting,"Dear team, set top box restarting again and again Pelase help.",dth,dth_signal_loss,medium,,neutral,incident,stb|not starting|set-top box,"Held power button 10 seconds, box downloaded software update | Box started normally after 15 minutes",STB fixed by forced restart/software update or replaced under warranty.,ravi,KB-024
TCK-10120,2026-10-01T20:21:55+05:30,2026-10-01T23:59:00+05:30,phone,CUST-216793,Delhi,escalating to ombudsman,"This is ridiculous. Already filed a complaint with TRAI, docket number TRAI/2026/88412, sill no response from you Is anyone even responsible there? yaar",billing,legal_regulatory,critical,regulatory,angry,complaint,escalation|consumer court|lawyer,"Recorded regulator docket number and complaint details | Marked critical regulatory, attached history | Admin reviewed and approved the reply; senior team contacted customer within 24 hours",Regulatory complaint logged with docket; admin-approved response by senior team.,ravi,KB-032
TCK-10121,2026-10-01T20:23:40+05:30,2026-10-01T23:38:40+05:30,app,CUST-703171,Chennai,Charged for roaming,"hi Got a bill of Rs 3,800 for roamig even though I had a pack pls fix asap",mobile,roaming,medium,,frustrated,complaint,ir pack|data roaming|bill shock,Pulled roaming usage records | Usage happened after pack expiry on the last day | Explained charges; customer accepted,Roaming charges explained from usage records or corrected when billed in error.,meera,KB-022
TCK-10122,2026-10-01T20:28:20+05:30,2026-10-01T23:59:00+05:30,chat,CUST-633030,Bengaluru,Moving house,"Dear team, how to transfer my wifi connection to the new address Please help.",broadband,installation_relocation,low,,neutral,request,relocation|shifting charges|transfer,"Shifting visit was missed, rebooked for next day | Paused billing for the days without service | Connection shifted and re-provisioned",Connection shifted to the new address after feasibility; charges waived/billing paused where applicable.,meera,KB-012
TCK-10123,2026-10-01T20:30:21+05:30,2026-10-01T23:59:00+05:30,phone,CUST-244697,Chennai,Unknown charges,"Hello team, Why is there a caller tune charge on my bill? never activated it this is really affecting my work",billing,billing_dispute,medium,,frustrated,complaint,dispute|wrong charges|bill,"Caller tune VAS activated without request | Deactivated VAS and raised billing correction of Rs 180 | Kept disputed amount on hold, shared dispute ID",Bill explained (pro-rata) or unrequested VAS removed and corrected within agent limit.,ravi,KB-027
TCK-10124,2026-10-01T20:31:12+05:30,2026-10-01T23:59:00+05:30,phone,CUST-821634,Coimbatore,New connection delay,"hllo team, new connection not installed yet, says feasibility pending. what is this. please do the needful",broadband,installation_relocation,medium,,frustrated,complaint,technician|installation|new connection,"Feasibility pending because society NOC was missing | Shared NOC letter template with customer | After NOC, installation completed within 48 hours",Installation delay resolved by priority rescheduling or completing building permission (NOC).,ravi,KB-011
TCK-10125,2026-10-01T20:31:32+05:30,2026-10-01T21:07:32+05:30,chat,CUST-151021,Pune,slow speed,"Hi, slow speed issue. youtube buffering even at 480p. thank you",broadband,broadband_slow_speed,medium,,neutral,incident,lan|wifi|devices,"Asked customer to stop other downloads and run a wired speed test on laptop | Wired speed was 92% of plan, WiFi test from the bedroom was low | Explained 2.4 GHz vs 5 GHz and helped customer connect to the 5 GHz band | Customer confirmed better speed",Slow speed: wired test showed WiFi limitation (moved to 5 GHz) or wrong line profile corrected.,ravi,KB-004
TCK-10126,2026-10-01T20:38:06+05:30,2026-10-01T23:59:00+05:30,chat,CUST-286583,Chennai,change plan,"hello, please downgrade my plan to the cheaper one from next month thanks.",billing,plan_change,low,,neutral,request,plan change|lock-in|downgrade,"Checked usage, customer hits FUP every month | Suggested 300 Mbps plan with higher FUP, upgrade applied immediately with pro-rata charge","Plan upgraded (immediate, pro-rata) or downgraded from next cycle as requested.",ravi,KB-030|KB-005
TCK-10127,2026-10-01T20:38:51+05:30,2026-10-01T23:59:00+05:30,chat,CUST-510087,Kochi,Change plan,"Dear team, please downgrade my plan to the cheaper one from next month. Pleaes help.",billing,plan_change,low,,neutral,request,plan change|downgrade|pro-rata,"Checked usage, customer hits FUP every month | Suggested 300 Mbps plan with higher FUP, upgrade applied immediately with pro-rata charge","Plan upgraded (immediate, pro-rata) or downgraded from next cycle as requested.",ravi,KB-030|KB-005
TCK-10128,2026-10-01T20:39:50+05:30,2026-10-01T22:29:50+05:30,email,CUST-898977,Coimbatore,unknown charges,"worst service ever. bill is rs 4,700 but my plan is only 799. extra charges i didnt ask for. fix it immediately or i will switch to another provider!!",billing,billing_dispute,medium,,angry,complaint,wrong charges|dispute|bill,"Walked customer through bill: pro-rata charge from plan upgrade mid cycle | Customer understood, no correction needed",Bill explained (pro-rata) or unrequested VAS removed and corrected within agent limit.,ravi,KB-027
TCK-10129,2026-10-01T20:43:06+05:30,2026-10-01T23:59:00+05:30,email,CUST-971051,Pune,add channel pack,"Hi, want to add the sports pack for the cricket series. thanks in advance :)",dth,dth_channels_recharge,low,,positive,request,a-la-carte|channel pack|add channel,"Removed two packs, explained pro-rata credit | Explained base pack channels cannot be removed individually",Channel packs added/removed; NCF and pro-rata credit explained.,ravi,KB-026
TCK-10130,2026-10-01T20:46:36+05:30,2026-10-01T22:24:36+05:30,app,CUST-870925,Hyderabad,Speed capped,"Hello, Getting exactly 5 Mbps for the last 3 days, loos like it is capped",broadband,broadband_slow_speed,medium,,neutral,incident,top-up|speed reduced|data limit,"Checked usage in CRM, customer had crossed the FUP limit for the cycle | Explained reduced speed and reset date | Customer bought a 100 GB data top-up, speed restored within 15 minutes","Speed reduced due to FUP data limit; explained, top-up / plan upgrade offered, WiFi secured.",meera,KB-005
TCK-10131,2026-10-01T20:51:18+05:30,2026-10-01T22:52:18+05:30,chat,CUST-968668,Coimbatore,no data in other state,"Hello, Travelled to Jaipur, now no internet on my phone, calls working. thank you",mobile,mobile_network_coverage,medium,,neutral,incident,other state|data roaming|national roaming,"Reset APN to default | Refreshed subscriber profile from CRM | Customer restarted the phone, data and calls working","National roaming data fixed by enabling data roaming, automatic network and profile refresh.",meera,KB-015
TCK-10132,2026-10-01T20:51:20+05:30,2026-10-01T23:59:00+05:30,chat,CUST-246413,Chennai,Broadband unstable in evening,"hi Internet keeps going off in the evening hours when everyone is home, netflix buffering and zoom calls dropping since last week. please look into it urgently",broadband,broadband_disconnection,high,,frustrated,incident,peak hours|channel|5ghz,"Checked line test in CRM, no sync loss on the line | Node utilisation report showed the access node above 85% during peak hours | Raised capacity ticket with network team, customer moved to a less loaded port | Asked customer to use 5 GHz WiFi for laptop and TV | Monitored for 2 evenings, connection stable","Evening drops caused by WiFi congestion / peak-hour load; channel changed, firmware updated, monitored.",meera,KB-002|KB-001
TCK-10133,2026-10-01T21:10:17+05:30,2026-10-01T23:59:00+05:30,chat,CUST-530016,Hyderabad,Plan options,"hello, want to upgrade to a faster plan, what are the options. thanks a lot!",billing,plan_change,low,,positive,request,downgrade|plan change|pro-rata,"Checked usage, customer hits FUP every month | Suggested 300 Mbps plan with higher FUP, upgrade applied immediately with pro-rata charge","Plan upgraded (immediate, pro-rata) or downgraded from next cycle as requested.",meera,KB-030|KB-005
TCK-10134,2026-10-01T21:20:38+05:30,2026-10-01T23:59:00+05:30,email,CUST-203996,Mumbai,No internet - red light,"hi Red light blinking on the router saying LOS, no internet at all since morning pls fix asap",broadband,broadband_disconnection,high,,frustrated,incident,ont|no internet|fibre cut,"Checked outage dashboard, no active incident | Customer found the fibre patch cord pulled out behind the router and reconnected it | LOS light turned off, PON green, internet working",Red LOS light: fibre cut repaired by field technician or loose patch cord reconnected.,meera,KB-003
TCK-10135,2026-10-01T21:27:52+05:30,2026-10-01T23:59:00+05:30,phone,CUST-136332,Bengaluru,tv not connecting,"Sir, iphone says no internet connection on wifi but wifi is connected please look into it urgently",broadband,router_wifi_setup,low,,frustrated,incident,wifi|cannot connect|authentication error,"Asked customer to forget the network and reconnect | Device still failed, it did not support WPA3 | Switched router security to WPA2/WPA3 mixed from ACS, device connected","Single device unable to join WiFi; fixed via reconnect, WPA2/WPA3 mixed mode or clearing device limit.",ravi,KB-009
TCK-10136,2026-10-01T21:54:15+05:30,2026-10-01T23:59:00+05:30,chat,CUST-922157,Kochi,Internet drops every evening,"Hi, every night after 9pm the net becomes useless, disconnects 4-5 times. restarted the router already this is really affecting my work",broadband,broadband_disconnection,high,,frustrated,incident,evening|peak hours|channel,"Checked line test in CRM, no sync loss on the line | Node utilisation report showed the access node above 85% during peak hours | Raised capacity ticket with network team, customer moved to a less loaded port | Asked customer to use 5 GHz WiFi for laptop and TV | Monitored for 2 evenings, connection stable","Evening drops caused by WiFi congestion / peak-hour load; channel changed, firmware updated, monitored.",ravi,KB-002|KB-001
TCK-10137,2026-10-01T21:57:48+05:30,2026-10-01T23:59:00+05:30,chat,CUST-414295,Mumbai,eSIM conversion,"Dear team, eSIM stopped working after I changed my phone thank you",mobile,sim_activation_porting,low,,neutral,request,activation|iphone|esim,"Confirmed phone supports eSIM | Customer requested eSIM in MyNet app, verified OTP and verification call | QR code emailed, eSIM activated within 2 hours","eSIM issued via app request, OTP and verification call; QR emailed and activated.",ravi,KB-019
TCK-10138,2026-10-01T22:08:32+05:30,2026-10-01T23:51:32+05:30,email,CUST-654816,Bengaluru,wifi disconnecting at night,"Sir, My broadband drops every evening around 8:30 and comes back after 10-15 min. I work from home and my calls keep geting cut. pls fix asap",broadband,broadband_disconnection,high,,frustrated,incident,firmware|channel|evening,"Confirmed with customer that drops happen daily between 8 PM and 11 PM | Customer ran a wired speed test during the drop window, wired connection was stable so issue is on WiFi | Changed 2.4 GHz channel from auto to channel 11 via ACS and enabled 5 GHz band | Pushed latest router firmware and rebooted the router | Called back next evening, customer confirmed no drops","Evening drops caused by WiFi congestion / peak-hour load; channel changed, firmware updated, monitored.",ravi,KB-002|KB-001
TCK-10139,2026-10-01T22:25:23+05:30,2026-10-01T23:59:00+05:30,chat,CUST-943019,Mumbai,slow speed,"Dear team, Speed is terrible, dowloads crawling at few hundred KB/s. Plan is 150 mbps",broadband,broadband_slow_speed,medium,,neutral,incident,wifi|slow speed|devices,"Wired speed test was below 50% of plan | Checked FUP status, not exhausted; line profile in CRM was set to an old lower plan | Corrected the line profile and restarted the router | Speed test after fix matched plan speed",Slow speed: wired test showed WiFi limitation (moved to 5 GHz) or wrong line profile corrected.,meera,KB-004
TCK-10140,2026-10-01T22:32:17+05:30,2026-10-01T23:59:00+05:30,phone,CUST-865344,Kolkata,mobile data slow,"hello team, getting very low speed on 4g in salt lake since last week please look into it urgently",mobile,mobile_data_issue,medium,,frustrated,incident,5g|congestion|4g,"Network mode was 3G only, set to 5G/4G auto | Speed test 85 Mbps after change",Slow mobile data due to daily quota or wrong network mode; booster offered or mode fixed.,ravi,KB-017
TCK-10141,2026-10-01T22:34:32+05:30,2026-10-01T23:21:32+05:30,chat,CUST-352838,Kolkata,Not getting plan speed,this is ridiculous. i am paying for 100 mbps plan but getting only 5 mbps on speed test. totally unacceptable!!,broadband,broadband_slow_speed,medium,,angry,incident,wired test|devices|slow speed,"Wired speed test was below 50% of plan | Checked FUP status, not exhausted; line profile in CRM was set to an old lower plan | Corrected the line profile and restarted the router | Speed test after fix matched plan speed",Slow speed: wired test showed WiFi limitation (moved to 5 GHz) or wrong line profile corrected.,meera,KB-004
TCK-10142,2026-10-02T07:13:37+05:30,2026-10-02T09:01:37+05:30,phone,CUST-928897,Chennai,Need mesh wifi,"hi, speed good near router but bad in other rooms. do you provide mesh? let me know.",broadband,broadband_slow_speed,low,,neutral,request,dead zone|router placement|range,"Router was inside a TV cabinet, asked customer to move it to a central open spot | Enabled 5 GHz band and explained range difference | Coverage improved in most rooms",Weak WiFi coverage fixed by router placement or mesh add-on.,ravi,KB-006
TCK-10143,2026-10-02T07:17:57+05:30,2026-10-02T13:11:57+05:30,chat,CUST-913066,Kolkata,Bill amount too high,"Hello, Why is there a caller tune charge on my bill? never activated it. thank you",billing,billing_dispute,medium,,neutral,complaint,extra charges|billing correction|dispute,"Walked customer through bill: pro-rata charge from plan upgrade mid cycle | Customer understood, no correction needed",Bill explained (pro-rata) or unrequested VAS removed and corrected within agent limit.,meera,KB-027
TCK-10144,2026-10-02T07:25:21+05:30,2026-10-02T11:30:21+05:30,chat,CUST-286266,Kochi,need mesh wifi,"Hi, Wifi range is poor, my work laptop keeps losing connection in the kitchen please do the needful",broadband,broadband_slow_speed,low,,frustrated,request,range|dead zone|router placement,"Router was inside a TV cabinet, asked customer to move it to a central open spot | Enabled 5 GHz band and explained range difference | Coverage improved in most rooms",Weak WiFi coverage fixed by router placement or mesh add-on.,meera,KB-006
TCK-10145,2026-10-02T07:46:56+05:30,2026-10-02T12:30:56+05:30,phone,CUST-665579,Coimbatore,Internet drops every evening,"Iternet keeps going off in the evening hours when everyone is home, netflix buffering and zoom calls dropping since yesterday. Is anyone even responsible there?",broadband,broadband_disconnection,high,,angry,incident,firmware|wifi congestion|peak hours,"Confirmed with customer that drops happen daily between 8 PM and 11 PM | Customer ran a wired speed test during the drop window, wired connection was stable so issue is on WiFi | Changed 2.4 GHz channel from auto to channel 11 via ACS and enabled 5 GHz band | Pushed latest router firmware and rebooted the router | Called back next evening, customer confirmed no drops","Evening drops caused by WiFi congestion / peak-hour load; channel changed, firmware updated, monitored.",ravi,KB-002|KB-001
TCK-10146,2026-10-02T08:07:09+05:30,2026-10-02T08:54:09+05:30,chat,CUST-853754,Hyderabad,late fee despite autopay,my autopay mnadate stopped working after my new card i want this fixed today.,billing,billing_dispute,medium,,angry,complaint,auto debit|due date|mandate,"Mandate active and balance available, failure was on our side | Waived late fee and restored service",Late fee waived when autopay failed on our side; new mandate registered otherwise.,ravi,KB-029
TCK-10147,2026-10-02T08:16:06+05:30,2026-10-02T10:03:06+05:30,email,CUST-838726,Mumbai,Air fiber device issue,My 5G home wifi device says no SIM after a restart this is relaly affecting my work,broadband,router_wifi_setup,medium,,frustrated,incident,sim|5g|fwa,"Asked customer to move the 5G router near the window facing the tower using the app signal meter | Signal improved from 1 bar to 4 bars | Pushed firmware update, speed test 180 Mbps","5G home router issues fixed by better placement near window, SIM activation or firmware update.",meera,KB-010
TCK-10148,2026-10-02T08:34:03+05:30,2026-10-02T09:14:03+05:30,email,CUST-801978,Chennai,frequent disconnection,"Dear team, broadband connection unstable since 2 days, drops for a few miutes then comes back. pls check. Please help.",broadband,broadband_disconnection,high,,neutral,incident,router|disconnection|power cycle,"Asked customer to note router lights during a drop, PON light stayed on and only internet light went off | Power cycled the router (30 seconds off) and re-seated the LAN and fibre patch cords | Re-provisioned router session from ACS | Monitored for 24 hours, no further drops","Random drops fixed by router power cycle / cable re-seat, or line fault repaired by field visit.",ravi,KB-001
TCK-10149,2026-10-02T08:36:03+05:30,2026-10-02T10:25:03+05:30,chat,CUST-736714,Kochi,Suspicious calls asking OTP,"Hi, suspicious cals asking for my UPC code and OTP, someone claiming to be from your company. kindly resolve soon",mobile,fraud_account_security,critical,fraud,frustrated,incident,block sim|otp|account takeover,"Explained we never ask for OTP or UPC over calls | Logged the caller number for fraud team | Advised customer to report on 1930, admin reviewed","Account takeover: account locked, credentials reset, fraud team engaged, admin reviewed.",meera,KB-033
TCK-10150,2026-10-02T08:39:56+05:30,2026-10-02T09:06:56+05:30,app,CUST-296041,Kolkata,Change wifi password,"Good morning, pls tell me the steps to reset wifi password from mobile. thak you",broadband,router_wifi_setup,low,,neutral,request,ssid|router login|192.168.1.1,"Guided customer to MyNet app > Router > WiFi settings | Customer changed WiFi name and password | Reconnected devices, advised changing router admin password too",WiFi name/password changed through the app or router admin page.,ravi,KB-007
TCK-10151,2026-10-02T08:40:14+05:30,2026-10-02T11:11:14+05:30,app,CUST-313340,Coimbatore,double debit,"charged twie for the same bill payment, please refund. please do the needful jaldi karo please",billing,billing_dispute,medium,,frustrated,incident,double debit|refund|upi,"Took UPI reference, found successful payment in console | Posted payment to the account manually | Due amount cleared",Payment posted manually from console or duplicate debit refunded to source.,meera,KB-028
TCK-10152,2026-10-02T08:58:04+05:30,2026-10-02T14:50:04+05:30,phone,CUST-940247,Kolkata,3rd complaint - still disconnecting,"Totally fed up with you people. keeps dropping again, already had a technician visit on monday. very poor service Pathetic service!!",broadband,broadband_disconnection,high,,angry,problem,power cycle|disconnection|router,"Reviewed complaint history and apologised for repeat issue | Pushed firmware update, changed WiFi channel, and scheduled a senior technician visit | Technician found loose connector at the splitter and fixed it | Applied automatic pro-rata credit for the downtime","Repeat disconnection: escalated to senior field team, root cause found (cable/splitter) and fixed.",meera,KB-001|KB-002
TCK-10153,2026-10-02T09:00:11+05:30,2026-10-02T13:28:11+05:30,phone,CUST-283027,Kolkata,IR pack activation,"dear team, how to activate ir pack for my usa trip. thanks.",mobile,roaming,medium,,neutral,request,ir pack|international roaming|activation,Activated IR service and suggested the country pack | Customer bought the pack in the app | Shared IR helpline number,International roaming activated with a country pack; data roaming enabled on the phone.,meera,KB-021
TCK-10154,2026-10-02T09:02:56+05:30,2026-10-02T10:13:56+05:30,phone,CUST-593355,Pune,Internet going on and off,"My PS5 keeps losing internet, the router internet light goes off randomly throughout the day. thank you",broadband,broadband_disconnection,high,,neutral,incident,los light|disconnection|power cycle,"Asked customer to note router lights during a drop, PON light stayed on and only internet light went off | Power cycled the router (30 seconds off) and re-seated the LAN and fibre patch cords | Re-provisioned router session from ACS | Monitored for 24 hours, no further drops","Random drops fixed by router power cycle / cable re-seat, or line fault repaired by field visit.",meera,KB-001
TCK-10155,2026-10-02T09:17:40+05:30,2026-10-02T11:18:40+05:30,chat,CUST-813824,Pune,New connection delay,"new connection not installed yet, says feasibility pending. what is this Fix it immediately or I will switch to another provider. kya ho raha hai",broadband,installation_relocation,medium,,angry,complaint,feasibility|installation|new connection,"Order was stuck on technician scheduling | Apologised and booked the earliest slot next morning, marked order as priority | Installation completed next day",Installation delay resolved by priority rescheduling or completing building permission (NOC).,meera,KB-011
TCK-10156,2026-10-02T09:45:26+05:30,2026-10-02T13:15:26+05:30,phone,CUST-215507,Chennai,Deposit refund,"hi, i want a refund of my router cost, it never worked properly. thank you",billing,refund_compensation,critical,compensation,neutral,request,refund|compensation|waiver,Explained refund needs approval and did not promise an amount | Admin approved pro-rata refund of unused months to source account | Refund processed in 7 working days,Refund request above agent limit approved by admin (pro-rata or replacement + credit).,meera,KB-034
TCK-10157,2026-10-02T09:47:26+05:30,2026-10-02T13:17:26+05:30,app,CUST-416282,Kochi,fibre cut no internet,"hello team, red light blinking on the router saying los, no internet at all since mornnig",broadband,broadband_disconnection,high,,frustrated,incident,ont|no internet|red light,"Confirmed LOS light red, no area outage on dashboard | Asked customer to check the green fibre connector, it was firmly connected | Raised fibre fault ticket, technician found cut fibre near building entrance and spliced it | Internet restored, customer confirmed",Red LOS light: fibre cut repaired by field technician or loose patch cord reconnected.,meera,KB-003
TCK-10158,2026-10-02T10:00:45+05:30,2026-10-02T13:06:45+05:30,phone,CUST-702466,Chennai,Bill amount too high,"Dear team, Bill is Rs 2,450 but my plan is only 799. extra charges I didnt ask for. thank you",billing,billing_dispute,medium,,neutral,complaint,wrong charges|billing correction|bill,"Caller tune VAS activated without request | Deactivated VAS and raised billing correction of Rs 180 | Kept disputed amount on hold, shared dispute ID",Bill explained (pro-rata) or unrequested VAS removed and corrected within agent limit.,meera,KB-027
TCK-10159,2026-10-02T10:01:59+05:30,2026-10-02T12:07:59+05:30,store,CUST-944657,Kolkata,broadband unstable,"hi, net is going on and off the whole day. not able to attend my onlnie classes properly let me know.",broadband,broadband_disconnection,high,,neutral,incident,los light|router|disconnection,"Asked customer to note router lights during a drop, PON light stayed on and only internet light went off | Power cycled the router (30 seconds off) and re-seated the LAN and fibre patch cords | Re-provisioned router session from ACS | Monitored for 24 hours, no further drops","Random drops fixed by router power cycle / cable re-seat, or line fault repaired by field visit.",meera,KB-001
TCK-10160,2026-10-02T10:12:59+05:30,2026-10-02T10:45:59+05:30,store,CUST-804667,Kolkata,data limit?,"hi Speed suddenly became 2 mbps snce yesterday, earlier it was fine. end of month this always happens. pls fix asap",broadband,broadband_slow_speed,medium,,frustrated,incident,data limit|fup|top-up,"Checked usage in CRM, customer had crossed the FUP limit for the cycle | Explained reduced speed and reset date | Customer bought a 100 GB data top-up, speed restored within 15 minutes","Speed reduced due to FUP data limit; explained, top-up / plan upgrade offered, WiFi secured.",meera,KB-005
TCK-10161,2026-10-02T10:16:23+05:30,2026-10-02T11:28:23+05:30,email,CUST-281301,Pune,4G not working,"hello team, internet not working on my phone since morning even though i have balance",mobile,mobile_data_issue,medium,,frustrated,incident,5g|apn|mobile data,Daily data quota was exhausted | Explained reset time and customer bought a 2 GB booster | Data working immediately,Mobile data restored via APN reset or explained exhausted daily quota with booster.,ravi,KB-016
TCK-10162,2026-10-02T10:16:46+05:30,2026-10-02T14:06:46+05:30,phone,CUST-505116,Delhi,Not getting plan speed,"Dear team, slow speed issue. youtube buffering even at 480p",broadband,broadband_slow_speed,medium,,neutral,incident,wifi|devices|speed test,"Asked customer to stop other downloads and run a wired speed test on laptop | Wired speed was 92% of plan, WiFi test from the bedroom was low | Explained 2.4 GHz vs 5 GHz and helped customer connect to the 5 GHz band | Customer confirmed better speed",Slow speed: wired test showed WiFi limitation (moved to 5 GHz) or wrong line profile corrected.,ravi,KB-004
TCK-10163,2026-10-02T10:17:17+05:30,2026-10-02T12:11:17+05:30,phone,CUST-608473,Chennai,MNP rejected,"Hello, Poting my number to your network, its been 5 days and still not done Let me know.",mobile,sim_activation_porting,medium,,neutral,complaint,porting|upc code|mnp,Rejection reason in CRM: UPC expired | Asked customer to generate a fresh UPC and resubmitted the request | Porting completed in 3 working days,Porting delay fixed by fresh UPC resubmission or escalation to the MNP desk.,meera,KB-020
TCK-10164,2026-10-02T10:24:11+05:30,2026-10-02T12:02:11+05:30,chat,CUST-354655,Hyderabad,Data limit?,"Good morning, my intenet is stuck at very low speed after the 20th, is there some data limit? Plaese help.",broadband,broadband_slow_speed,medium,,neutral,incident,fup|top-up|data limit,"Usage report showed FUP exhausted, customer disputed the usage | Shared day-wise usage report, found unknown devices on WiFi | Helped customer change WiFi password | Suggested upgrading to a higher FUP plan, customer agreed to upgrade from next cycle","Speed reduced due to FUP data limit; explained, top-up / plan upgrade offered, WiFi secured.",ravi,KB-005
TCK-10165,2026-10-02T10:42:00+05:30,2026-10-02T16:08:00+05:30,phone,CUST-211532,Delhi,Account hacked,receiving OTP mesages for transactions I never made,mobile,fraud_account_security,critical,fraud,frustrated,incident,fraud|bank fraud|unauthorised,"Explained we never ask for OTP or UPC over calls | Logged the caller number for fraud team | Advised customer to report on 1930, admin reviewed","Account takeover: account locked, credentials reset, fraud team engaged, admin reviewed.",meera,KB-033
TCK-10166,2026-10-02T10:43:36+05:30,2026-10-02T16:11:36+05:30,email,CUST-276214,Hyderabad,no network abroad,"Good morning, How to acitvate IR pack for my USA trip. Let me know.",mobile,roaming,medium,,neutral,request,travel abroad|international roaming|activation,Activated IR service and suggested the country pack | Customer bought the pack in the app | Shared IR helpline number,International roaming activated with a country pack; data roaming enabled on the phone.,ravi,KB-021
TCK-10167,2026-10-02T10:44:06+05:30,2026-10-02T12:51:06+05:30,phone,CUST-517821,Kochi,internet drops every evening,"Hi, My broadband drops every evening around 8:30 and comes back after 10-15 min. I work from home and my calls keep getting cut. pls fix asap",broadband,broadband_disconnection,high,,frustrated,incident,wifi congestion|firmware|peak hours,"Checked line test in CRM, no sync loss on the line | Node utilisation report showed the access node above 85% during peak hours | Raised capacity ticket with network team, customer moved to a less loaded port | Asked customer to use 5 GHz WiFi for laptop and TV | Monitored for 2 evenings, connection stable","Evening drops caused by WiFi congestion / peak-hour load; channel changed, firmware updated, monitored.",meera,KB-002|KB-001
TCK-10168,2026-10-02T11:03:07+05:30,2026-10-02T16:49:07+05:30,chat,CUST-821403,Kolkata,Delete my data,Totally fed up with you people. Please give me the call records of my husband's number Totally unacceptable!!,mobile,legal_regulatory,critical,privacy,angry,request,personal data|privacy|data leak,"Explained that records of another number cannot be shared | Shared steps to download own CDR from app, logged request for privacy review",Privacy request verified and routed to privacy team after admin approval; no third-party data shared.,meera,KB-035
TCK-10169,2026-10-02T11:03:37+05:30,2026-10-02T11:53:37+05:30,phone,CUST-992697,Delhi,Internet drops every evening,my broadband drops every evennig around 8 pm and comes back after 10-15 min. i work from home and my calls keep getting cut. is anyone even responsible there?,broadband,broadband_disconnection,high,,angry,incident,5ghz|firmware|peak hours,"Checked line test in CRM, no sync loss on the line | Node utilisation report showed the access node above 85% during peak hours | Raised capacity ticket with network team, customer moved to a less loaded port | Asked customer to use 5 GHz WiFi for laptop and TV | Monitored for 2 evenings, connection stable","Evening drops caused by WiFi congestion / peak-hour load; channel changed, firmware updated, monitored.",meera,KB-002|KB-001
TCK-10170,2026-10-02T11:05:56+05:30,2026-10-02T13:37:56+05:30,phone,CUST-129226,Kolkata,Payment deducted not updated,"Hello team, Recharge failed but the amount got debited from my account this is really affecting my work",billing,billing_dispute,medium,,frustrated,incident,money deducted|double debit|refund,"Took UPI reference, found successful payment in console | Posted payment to the account manually | Due amount cleared",Payment posted manually from console or duplicate debit refunded to source.,ravi,KB-028
TCK-10171,2026-10-02T11:07:28+05:30,2026-10-02T13:05:28+05:30,phone,CUST-767349,Hyderabad,Final warning,I am filing a case in consumer court against your company for harassment over wrong bills. Fix it immediately or I will switch to another provider.,broadband,legal_regulatory,critical,legal,angry,complaint,trai|ombudsman|lawyer,"Recorded customer's exact statement and any notice reference | Summarised full complaint history (5 previous tickets) for escalation team | Admin approved: priority senior technician visit and Rs 500 goodwill credit, no admission of liability | Senior team member called the customer within 24 hours",Legal threat escalated with full history; admin-approved resolution shared by senior team.,ravi,KB-032
TCK-10172,2026-10-02T11:15:47+05:30,2026-10-02T12:17:47+05:30,store,CUST-577092,Kolkata,international roaming,"Landed in Singapore, no network on my phone. Roaming pack already bought. this is really affecting my work",mobile,roaming,medium,,frustrated,request,activation|international roaming|ir pack,"IR active, data roaming was off in phone settings | Customer enabled data roaming and selected partner network manually | Network working",International roaming activated with a country pack; data roaming enabled on the phone.,meera,KB-021
TCK-10173,2026-10-02T11:16:21+05:30,2026-10-02T16:16:21+05:30,phone,CUST-856445,Chennai,ir pack activation,"Hello team, Travelling to Dubai tomorrow, need international roaming activated. please look into it urgently",mobile,roaming,medium,,frustrated,request,ir pack|international roaming|activation,Activated IR service and suggested the country pack | Customer bought the pack in the app | Shared IR helpline number,International roaming activated with a country pack; data roaming enabled on the phone.,ravi,KB-021
TCK-10174,2026-10-02T11:20:41+05:30,2026-10-02T15:32:41+05:30,phone,CUST-231113,Kolkata,no data in other state,no newtrk since i reached hyderabad yesterday,mobile,mobile_network_coverage,medium,,frustrated,incident,other state|data roaming|national roaming,"Reset APN to default | Refreshed subscriber profile from CRM | Customer restarted the phone, data and calls working","National roaming data fixed by enabling data roaming, automatic network and profile refresh.",ravi,KB-015
TCK-10175,2026-10-02T11:21:53+05:30,2026-10-02T12:23:53+05:30,phone,CUST-495727,Coimbatore,Payment deducted not updated,"Hi, charged tice for the same bill payment, please refund",billing,billing_dispute,medium,,frustrated,incident,payment failed|upi|recharge failed,"Second payment was a duplicate | Marked duplicate for refund, 5-7 working days to source account | Shared refund reference",Payment posted manually from console or duplicate debit refunded to source.,ravi,KB-028
TCK-10176,2026-10-02T11:25:04+05:30,2026-10-02T14:38:04+05:30,phone,CUST-133616,Kochi,Plan upgrade,"Hi, my data runs out evrey month, which plan should I take. thanks in advance :)",billing,plan_change,low,,positive,request,downgrade|plan change|pro-rata,Downgrade scheduled from next billing cycle | Confirmation sent by SMS and email,"Plan upgraded (immediate, pro-rata) or downgraded from next cycle as requested.",ravi,KB-030|KB-005
TCK-10177,2026-10-02T11:28:46+05:30,2026-10-02T17:21:46+05:30,chat,CUST-599401,Delhi,MNP rejected,"hi port request rejected, they said UPC expired. please look into it urgently",mobile,sim_activation_porting,medium,,frustrated,complaint,mnp|number transfer|porting,"Port-in pending beyond timeline, escalated to MNP desk | Donor operator cleared the request | Number active on our network next day",Porting delay fixed by fresh UPC resubmission or escalation to the MNP desk.,meera,KB-020
TCK-10178,2026-10-02T11:35:50+05:30,2026-10-02T15:13:50+05:30,email,CUST-686179,Hyderabad,Mobile data not working,"good morning, my sim internet stopped suddenly, is it apn settings? let me know.",mobile,mobile_data_issue,medium,,neutral,incident,data balance|apn|internet not working,Daily data quota was exhausted | Explained reset time and customer bought a 2 GB booster | Data working immediately,Mobile data restored via APN reset or explained exhausted daily quota with booster.,meera,KB-016
TCK-10179,2026-10-02T11:50:09+05:30,2026-10-02T17:31:09+05:30,phone,CUST-110821,Pune,Recharge wrong ID,"hello team, sports channels missing after recharge kindly resolve soon",dth,dth_channels_recharge,low,,frustrated,incident,channels missing|not subscribed|refresh,"Recharge went to a different customer ID | Raised recharge transfer request, completed within 24 hours",Missing channels restored with refresh command or recharge transferred to correct ID.,meera,KB-025
TCK-10180,2026-10-02T12:03:58+05:30,2026-10-02T13:57:58+05:30,chat,CUST-139286,Coimbatore,speed reduced suddenly,"my internet is stuck at very low speed after the 20th, is there some data limit? please do the needful",broadband,broadband_slow_speed,medium,,frustrated,incident,data limit|fup|plan,"Usage report showed FUP exhausted, customer disputed the usage | Shared day-wise usage report, found unknown devices on WiFi | Helped customer change WiFi password | Suggested upgrading to a higher FUP plan, customer agreed to upgrade from next cycle","Speed reduced due to FUP data limit; explained, top-up / plan upgrade offered, WiFi secured.",ravi,KB-005
TCK-10181,2026-10-02T12:05:49+05:30,2026-10-02T14:01:49+05:30,chat,CUST-429196,Chennai,Bill amount too high,"Bill is Rs 4,700 but my plan is only 799. extra charges I didnt ask for",billing,billing_dispute,medium,,neutral,complaint,billing correction|bill|extra charges,"Walked customer through bill: pro-rata charge from plan upgrade mid cycle | Customer understood, no correction needed",Bill explained (pro-rata) or unrequested VAS removed and corrected within agent limit.,ravi,KB-027
TCK-10182,2026-10-02T12:08:50+05:30,2026-10-02T17:33:50+05:30,phone,CUST-236306,Coimbatore,fibre cut no internet,"sir, red lgiht blinking on the router saying los, no internet at all since morning please do the needful",broadband,broadband_disconnection,high,,frustrated,incident,red light|fibre cut|field visit,"Confirmed LOS light red, no area outage on dashboard | Asked customer to check the green fibre connector, it was firmly connected | Raised fibre fault ticket, technician found cut fibre near building entrance and spliced it | Internet restored, customer confirmed",Red LOS light: fibre cut repaired by field technician or loose patch cord reconnected.,ravi,KB-003
TCK-10183,2026-10-02T12:13:48+05:30,2026-10-02T13:27:48+05:30,app,CUST-230889,Chennai,Internet drops every evening,my broadband drops every evening around 9pm and comes back after 10-15 min. i work from home and my calls keep getting cut. please look into it urgenly,broadband,broadband_disconnection,high,,frustrated,incident,wifi congestion|5ghz|firmware,"Checked line test in CRM, no sync loss on the line | Node utilisation report showed the access node above 85% during peak hours | Raised capacity ticket with network team, customer moved to a less loaded port | Asked customer to use 5 GHz WiFi for laptop and TV | Monitored for 2 evenings, connection stable","Evening drops caused by WiFi congestion / peak-hour load; channel changed, firmware updated, monitored.",ravi,KB-002|KB-001
TCK-10184,2026-10-02T12:28:40+05:30,2026-10-02T15:57:40+05:30,store,CUST-870627,Kochi,Unauthorised plan change,"Worst service ever. got message that my plan is chaned to 999, I didnt request this Totally unacceptable!!",billing,plan_change,medium,,angry,complaint,pro-rata|upgrade|lock-in,Plan change was done by a retention campaign without recorded consent | Restored old plan and raised billing correction for the difference,Unconsented plan change reverted and the difference corrected.,ravi,KB-030|KB-027
TCK-10185,2026-10-02T12:28:53+05:30,2026-10-02T17:36:53+05:30,phone,CUST-878480,Coimbatore,wifi disconnecting at night,"Internet keeps going off in the eveinng hours when everyone is home, netflix buffering and zoom calls dropping since yesterday. I want this fixed TODAY.",broadband,broadband_disconnection,high,,angry,incident,firmware|evening|peak hours,"Checked line test in CRM, no sync loss on the line | Node utilisation report showed the access node above 85% during peak hours | Raised capacity ticket with network team, customer moved to a less loaded port | Asked customer to use 5 GHz WiFi for laptop and TV | Monitored for 2 evenings, connection stable","Evening drops caused by WiFi congestion / peak-hour load; channel changed, firmware updated, monitored.",ravi,KB-002|KB-001
TCK-10186,2026-10-02T13:25:54+05:30,2026-10-02T15:58:54+05:30,email,CUST-171551,Bengaluru,Plan options,"Hi, is there any annual plan with OTT Let me know.",billing,plan_change,low,,neutral,request,upgrade|downgrade|pro-rata,"Checked usage, customer hits FUP every month | Suggested 300 Mbps plan with higher FUP, upgrade applied immediately with pro-rata charge","Plan upgraded (immediate, pro-rata) or downgraded from next cycle as requested.",ravi,KB-030|KB-005
TCK-10187,2026-10-02T13:35:54+05:30,2026-10-02T14:30:54+05:30,chat,CUST-372387,Chennai,No data in other state,"Good morning, In Delhi for work, data not working at all. Let me know.",mobile,mobile_network_coverage,medium,,neutral,incident,network selection|data roaming|other state,Asked customer to turn on data roaming (national roaming is free) | Set network selection to automatic and restarted phone | Data working,"National roaming data fixed by enabling data roaming, automatic network and profile refresh.",ravi,KB-015
TCK-10188,2026-10-02T13:36:08+05:30,2026-10-02T14:51:08+05:30,email,CUST-312146,Bengaluru,New router configuration,"hi I bought a new TP-Link router, how to configure it with your connection? need PPoE details kindly resolve soon",broadband,router_wifi_setup,medium,,frustrated,incident,factory reset|replacement|credentials,"Customer-owned router, shared PPPoE username and reset PPPoE password via SMS to registered number | Guided customer to set WAN type PPPoE with the circle VLAN ID | Internet connected, speed test fine",Router reset/misconfiguration fixed by ACS re-provisioning or PPPoE reconfiguration.,ravi,KB-008
TCK-10189,2026-10-02T13:38:32+05:30,2026-10-02T17:41:32+05:30,chat,CUST-567220,Kolkata,DTH error E48-32,"Sir, after the storm yesterday no signal on tv, dish may have moved. pls fix asap",dth,dth_signal_loss,medium,,frustrated,incident,cable|lnb|no signal,"Signal strength 20% in settings menu | Raised dish alignment request, technician realigned the dish | Signal strength 78%, all channels working",DTH no signal from rain fade (temporary) or dish misalignment fixed by technician.,ravi,KB-023
TCK-10190,2026-10-02T13:42:06+05:30,2026-10-02T18:20:06+05:30,chat,CUST-221552,Kolkata,Frequent disconnection,"sir, my work laptop keeps losing internet, the router internet light goes off randomly throughout the day pls fix asap",broadband,broadband_disconnection,high,,frustrated,incident,cables|disconnection|router,"Line test in CRM showed repeated sync loss | Raised line fault ticket, field technician replaced damaged patch cord at the building box | Customer confirmed stable connection after the visit","Random drops fixed by router power cycle / cable re-seat, or line fault repaired by field visit.",meera,KB-001
TCK-10191,2026-10-02T14:05:00+05:30,2026-10-02T15:22:00+05:30,app,CUST-527865,Delhi,WiFi range problem,sped good near router but bad in other rooms. do you provide mesh? pls fix asap,broadband,broadband_slow_speed,low,,frustrated,request,wifi coverage|mesh|router placement,"Router was inside a TV cabinet, asked customer to move it to a central open spot | Enabled 5 GHz band and explained range difference | Coverage improved in most rooms",Weak WiFi coverage fixed by router placement or mesh add-on.,meera,KB-006
TCK-10192,2026-10-02T14:15:31+05:30,2026-10-02T15:47:31+05:30,email,CUST-907788,Delhi,Router settings changed,"Hi, My son pressed the rset button on the router and now internet is not working. Thanks.",broadband,router_wifi_setup,medium,,neutral,incident,replacement|credentials|pppoe,"Customer-owned router, shared PPPoE username and reset PPPoE password via SMS to registered number | Guided customer to set WAN type PPPoE with the circle VLAN ID | Internet connected, speed test fine",Router reset/misconfiguration fixed by ACS re-provisioning or PPPoE reconfiguration.,meera,KB-008
TCK-10193,2026-10-02T14:21:13+05:30,2026-10-02T16:14:13+05:30,chat,CUST-682051,Delhi,eSIM QR code,"Hi team, esim activatoin pending since morning. Appreciate the help.",mobile,sim_activation_porting,low,,positive,request,iphone|activation|esim,"Confirmed phone supports eSIM | Customer requested eSIM in MyNet app, verified OTP and verification call | QR code emailed, eSIM activated within 2 hours","eSIM issued via app request, OTP and verification call; QR emailed and activated.",ravi,KB-019
TCK-10194,2026-10-02T14:26:12+05:30,2026-10-02T17:54:12+05:30,chat,CUST-383572,Kolkata,wifi authentication error,"Hello, my laptop is not connecting to wifi, says icorrect password but phone connects fine. Thanks.",broadband,router_wifi_setup,low,,neutral,incident,ip address|device|cannot connect,"Connected device list showed 32 devices, router client limit reached | Removed unknown devices and changed WiFi password | Customer's TV connected successfully","Single device unable to join WiFi; fixed via reconnect, WPA2/WPA3 mixed mode or clearing device limit.",ravi,KB-009
TCK-10195,2026-10-02T14:29:39+05:30,2026-10-02T17:34:39+05:30,phone,CUST-635638,Chennai,Change wifi password,"need help to change wifi name and password, router login page not opening",broadband,router_wifi_setup,low,,neutral,request,ssid|router login|wifi password,"Guided customer to MyNet app > Router > WiFi settings | Customer changed WiFi name and password | Reconnected devices, advised changing router admin password too",WiFi name/password changed through the app or router admin page.,ravi,KB-007
TCK-10196,2026-10-02T14:40:58+05:30,2026-10-02T19:36:58+05:30,phone,CUST-670123,Pune,No signal on TV,"Good morning, TV showing no signal since morning, all channels thank you",dth,dth_signal_loss,medium,,neutral,incident,rain fade|dish|e-code,"Heavy rain in area, explained rain fade | Signal returned once rain stopped",DTH no signal from rain fade (temporary) or dish misalignment fixed by technician.,ravi,KB-023
TCK-10197,2026-10-02T14:43:41+05:30,2026-10-02T15:13:41+05:30,email,CUST-436208,Coimbatore,shift connection,"Hello, Need to relocate my connectoin to RS Puram, what are the charges thank you",broadband,installation_relocation,low,,neutral,request,shifting charges|transfer|shifting,Raised shifting request with new address and preferred date | Feasibility confirmed within 24 hours | Shifting charges waived as customer is on an annual plan | Technician set up the line at the new address,Connection shifted to the new address after feasibility; charges waived/billing paused where applicable.,meera,KB-012
TCK-10198,2026-10-02T14:59:36+05:30,2026-10-02T19:20:36+05:30,email,CUST-805668,Coimbatore,Change wifi password,"i think neighbours are using my wifi, want to change the password and name plase help.",broadband,router_wifi_setup,low,,neutral,request,192.168.1.1|router login|security,"Guided customer to MyNet app > Router > WiFi settings | Customer changed WiFi name and password | Reconnected devices, advised changing router admin password too",WiFi name/password changed through the app or router admin page.,meera,KB-007
TCK-10199,2026-10-02T15:11:03+05:30,2026-10-02T19:01:03+05:30,chat,CUST-189318,Chennai,Frequent disconnection,"Hello, Net is going on and off the whole day. not able to attend my online classes properly. Thanks.",broadband,broadband_disconnection,high,,neutral,incident,disconnection|los light|cables,"Line test in CRM showed repeated sync loss | Raised line fault ticket, field technician replaced damaged patch cord at the building box | Customer confirmed stable connection after the visit","Random drops fixed by router power cycle / cable re-seat, or line fault repaired by field visit.",meera,KB-001
TCK-10200,2026-10-02T15:21:28+05:30,2026-10-02T17:05:28+05:30,chat,CUST-973128,Pune,deposit refund,Cancel my connection and refund the full annual plan amount to my bank,billing,refund_compensation,critical,compensation,neutral,request,approval limit|compensation|refund,Explained refund needs approval and did not promise an amount | Admin approved pro-rata refund of unused months to source account | Refund processed in 7 working days,Refund request above agent limit approved by admin (pro-rata or replacement + credit).,ravi,KB-034
TCK-10201,2026-10-02T15:29:55+05:30,2026-10-02T19:20:55+05:30,phone,CUST-542374,Chennai,Internet drops every evening,this is ridiculous. my broadband drps every evening around 8 pm and comes back after 10-15 min. i work from home and my calls keep getting cut. pathetic service.,broadband,broadband_disconnection,high,,angry,incident,evening|peak hours|5ghz,"Checked line test in CRM, no sync loss on the line | Node utilisation report showed the access node above 85% during peak hours | Raised capacity ticket with network team, customer moved to a less loaded port | Asked customer to use 5 GHz WiFi for laptop and TV | Monitored for 2 evenings, connection stable","Evening drops caused by WiFi congestion / peak-hour load; channel changed, firmware updated, monitored.",ravi,KB-002|KB-001
TCK-10202,2026-10-02T15:35:15+05:30,2026-10-02T21:16:15+05:30,phone,CUST-935309,Coimbatore,no network abroad,"Hello, Travelling to Dubai tomorrow, need international roaming activated",mobile,roaming,medium,,neutral,request,ir pack|activation|international roaming,"IR active, data roaming was off in phone settings | Customer enabled data roaming and selected partner network manually | Network working",International roaming activated with a country pack; data roaming enabled on the phone.,meera,KB-021
TCK-10203,2026-10-02T15:42:58+05:30,2026-10-02T20:26:58+05:30,app,CUST-233470,Chennai,wifi disconnecting at night,"Hello team, Internet keeps going off in the evening hours when everyone is home, netflix buffering and zoom calls dropping since last week.",broadband,broadband_disconnection,high,,frustrated,incident,firmware|channel|wifi congestion,"Checked line test in CRM, no sync loss on the line | Node utilisation report showed the access node above 85% during peak hours | Raised capacity ticket with network team, customer moved to a less loaded port | Asked customer to use 5 GHz WiFi for laptop and TV | Monitored for 2 evenings, connection stable","Evening drops caused by WiFi congestion / peak-hour load; channel changed, firmware updated, monitored.",meera,KB-002|KB-001
TCK-10204,2026-10-02T16:01:04+05:30,2026-10-02T20:22:04+05:30,phone,CUST-525392,Delhi,kyc failed,"hi, bought a new sim yesterday, still not activated. thank you",mobile,sim_activation_porting,medium,,neutral,incident,new sim|verification|replacement sim,Tele-verification was pending | Asked customer to call verification number from new SIM and confirm details | SIM activated within 30 minutes,SIM activation completed after tele-verification or KYC re-verification at the store.,ravi,KB-018
TCK-10205,2026-10-02T16:03:09+05:30,2026-10-02T20:54:09+05:30,app,CUST-239999,Bengaluru,Laptop not connecting to wifi,"hi my laptop is not connecting to wifi, says incorrect password but phone connects fine. this is really affecting my work",broadband,router_wifi_setup,low,,frustrated,incident,wifi|device|ip address,"Connected device list showed 32 devices, router client limit reached | Removed unknown devices and changed WiFi password | Customer's TV connected successfully","Single device unable to join WiFi; fixed via reconnect, WPA2/WPA3 mixed mode or clearing device limit.",meera,KB-009
TCK-10206,2026-10-02T16:04:07+05:30,2026-10-02T19:08:07+05:30,phone,CUST-880623,Kochi,No signal on TV,"TV showing no signal since morning, all channels. kindly resolve soon",dth,dth_signal_loss,medium,,frustrated,incident,dish|cable|lnb,"Signal strength 20% in settings menu | Raised dish alignment request, technician realigned the dish | Signal strength 78%, all channels working",DTH no signal from rain fade (temporary) or dish misalignment fixed by technician.,ravi,KB-023
TCK-10207,2026-10-02T16:23:03+05:30,2026-10-02T18:58:03+05:30,phone,CUST-112884,Delhi,Router settings changed,"Router got reset after a power surge, now it shows no internet, wifi name changed to default. pls fix asap",broadband,router_wifi_setup,medium,,frustrated,incident,replacement|factory reset|credentials,"Company router, triggered re-provision from ACS | Customer rebooted after 5 minutes, internet light green | Helped customer set WiFi name and password again",Router reset/misconfiguration fixed by ACS re-provisioning or PPPoE reconfiguration.,meera,KB-008
TCK-10208,2026-10-02T16:24:18+05:30,2026-10-02T21:32:18+05:30,email,CUST-812120,Kochi,No signal on TV,"Good morning, after the storm yesterday no signal on tv, dish may have moved. Please help.",dth,dth_signal_loss,medium,,neutral,incident,lnb|cable|dish,"Signal strength 20% in settings menu | Raised dish alignment request, technician realigned the dish | Signal strength 78%, all channels working",DTH no signal from rain fade (temporary) or dish misalignment fixed by technician.,ravi,KB-023
TCK-10209,2026-10-02T16:28:46+05:30,2026-10-02T19:26:46+05:30,phone,CUST-876459,Delhi,wifi name change,"Hi team, pls tell me the steps to reset wifi password from mobile. thanks in advace :)",broadband,router_wifi_setup,low,,positive,request,wifi password|security|ssid,"Guided customer to MyNet app > Router > WiFi settings | Customer changed WiFi name and password | Reconnected devices, advised changing router admin password too",WiFi name/password changed through the app or router admin page.,meera,KB-007
TCK-10210,2026-10-02T16:35:59+05:30,2026-10-02T21:53:59+05:30,phone,CUST-463188,Pune,not getting plan speed,"This is ridiculous. Speed is terrible, downloads crawling at few hundred KB/s. Plan is 150 mbps. Pathetic service!!",broadband,broadband_slow_speed,medium,,angry,incident,lan|wired test|speed test,"Wired speed test was below 50% of plan | Checked FUP status, not exhausted; line profile in CRM was set to an old lower plan | Corrected the line profile and restarted the router | Speed test after fix matched plan speed",Slow speed: wired test showed WiFi limitation (moved to 5 GHz) or wrong line profile corrected.,ravi,KB-004
TCK-10211,2026-10-02T16:41:37+05:30,2026-10-02T20:23:37+05:30,email,CUST-765824,Bengaluru,Final warning,"this is ridiculous. this is my final warning, i will drag you to the consumer forum fix it immediately or i will switch to another provider!!",broadband,legal_regulatory,critical,legal,angry,complaint,consumer court|ombudsman|trai,"Recorded customer's exact statement and any notice reference | Summarised full complaint history (5 previous tickets) for escalation team | Admin approved: priority senior technician visit and Rs 500 goodwill credit, no admission of liability | Senior team member called the customer within 24 hours",Legal threat escalated with full history; admin-approved resolution shared by senior team.,ravi,KB-032
TCK-10212,2026-10-02T16:43:43+05:30,2026-10-02T18:45:43+05:30,app,CUST-817307,Bengaluru,Number ported without consent,Totally fed up with you people. My number got ported out without my knowledge Fix it immediately or I will switch to another provider.,mobile,fraud_account_security,critical,fraud,angry,incident,bank fraud|account takeover|otp,"Verified caller with security questions | Immediately blocked the SIM and suspended outgoing services | Advised customer to inform bank and report on cyber crime helpline 1930 | Admin approved restoration after in-store verification with original ID, fraud team investigating","SIM swap: number blocked immediately, bank/cyber crime advised, restoration after verification with admin approval.",ravi,KB-033
TCK-10213,2026-10-02T16:47:08+05:30,2026-10-02T18:53:08+05:30,app,CUST-335391,Delhi,Recharge done but no channels,"Hi, Did a recharge of Rs 350 one hour back, still showing the recharge message Let me know.",dth,dth_channels_recharge,low,,neutral,incident,refresh|not subscribed|recharge,"Recharge confirmed in CRM | Sent refresh command with box on, channels back in 10 minutes",Missing channels restored with refresh command or recharge transferred to correct ID.,ravi,KB-025
TCK-10214,2026-10-02T16:54:46+05:30,2026-10-02T19:03:46+05:30,app,CUST-795350,Delhi,NCF charge query,"Dear team, want to add the sports pack for the cricket series. Please help.",dth,dth_channels_recharge,low,,neutral,request,add channel|a-la-carte|remove channel,"Removed two packs, explained pro-rata credit | Explained base pack channels cannot be removed individually",Channel packs added/removed; NCF and pro-rata credit explained.,ravi,KB-026
TCK-10215,2026-10-02T17:00:19+05:30,2026-10-02T22:35:19+05:30,email,CUST-932291,Kolkata,broadband unstable in evening,"wifi disconnecting at night daily, between 8 o'clock and 11. during the day its perfect. whas going on??",broadband,broadband_disconnection,high,,frustrated,incident,channel|firmware|5ghz,"Checked line test in CRM, no sync loss on the line | Node utilisation report showed the access node above 85% during peak hours | Raised capacity ticket with network team, customer moved to a less loaded port | Asked customer to use 5 GHz WiFi for laptop and TV | Monitored for 2 evenings, connection stable","Evening drops caused by WiFi congestion / peak-hour load; channel changed, firmware updated, monitored.",meera,KB-002|KB-001
TCK-10216,2026-10-02T17:10:20+05:30,2026-10-02T18:41:20+05:30,phone,CUST-424803,Mumbai,plan upgrade,"Hello, is there any annual plan with OTT thnks in advance :) kya ho raha hai",billing,plan_change,low,,positive,request,pro-rata|plan change|upgrade,Downgrade scheduled from next billing cycle | Confirmation sent by SMS and email,"Plan upgraded (immediate, pro-rata) or downgraded from next cycle as requested.",meera,KB-030|KB-005
TCK-10217,2026-10-02T17:11:31+05:30,2026-10-02T22:44:31+05:30,store,CUST-311250,Bengaluru,5G home router low signal,Got the new 5G home router installed yesterday but it shows only 1-2 bars and the speed is poor please do the needful kya ho raha hai,broadband,router_wifi_setup,medium,,frustrated,incident,5g|sim|airfiber,"Asked customer to move the 5G router near the window facing the tower using the app signal meter | Signal improved from 1 bar to 4 bars | Pushed firmware update, speed test 180 Mbps","5G home router issues fixed by better placement near window, SIM activation or firmware update.",ravi,KB-010
TCK-10218,2026-10-02T17:21:05+05:30,2026-10-02T22:29:05+05:30,phone,CUST-761249,Hyderabad,Port request stuck,"Good morning, My MNP rquest is stuck, old operator says thre are no dues",mobile,sim_activation_porting,medium,,neutral,complaint,porting|port|number transfer,Rejection reason in CRM: UPC expired | Asked customer to generate a fresh UPC and resubmitted the request | Porting completed in 3 working days,Porting delay fixed by fresh UPC resubmission or escalation to the MNP desk.,ravi,KB-020
TCK-10219,2026-10-02T17:25:05+05:30,2026-10-02T20:39:05+05:30,app,CUST-963699,Hyderabad,No service,"No network on my sim since 4 days, tried restarting the phone Fix it immediately or I will switch to another provider.",mobile,mobile_network_coverage,high,,angry,incident,emergency calls only|no service|network selection,"SIM did not work in another phone either | Issued free SIM replacement at the nearest store | New SIM activated in 2 hours, service restored",No signal on a single SIM fixed by automatic network selection or SIM replacement.,meera,KB-013
TCK-10220,2026-10-02T17:31:29+05:30,2026-10-02T21:05:29+05:30,phone,CUST-373441,Delhi,Speed capped,"Hi, speed dropped to almost nothing, app says I used 1000 GB. I dont think we used that much. kidnly resolve soon",broadband,broadband_slow_speed,medium,,frustrated,incident,top-up|fup|speed reduced,"Usage report showed FUP exhausted, customer disputed the usage | Shared day-wise usage report, found unknown devices on WiFi | Helped customer change WiFi password | Suggested upgrading to a higher FUP plan, customer agreed to upgrade from next cycle","Speed reduced due to FUP data limit; explained, top-up / plan upgrade offered, WiFi secured.",meera,KB-005
TCK-10221,2026-10-02T17:38:11+05:30,2026-10-02T21:01:11+05:30,phone,CUST-927175,Pune,Compensation demand,I want compensation of Rs 5000 for the loss of busienss due to your outage kindly resolve soon,broadband,refund_compensation,critical,compensation,frustrated,complaint,waiver|credit|approval limit,"Checked service history: 5 days downtime confirmed | Automatic pro-rata credit applied for downtime | Requested full month waiver sent for admin approval; admin approved half month waiver | Customer informed after approval, no amount promised before",Compensation above agent limit sent for admin approval; pro-rata credit plus approved waiver.,ravi,KB-034|KB-031
TCK-10222,2026-10-02T17:39:38+05:30,2026-10-02T18:53:38+05:30,chat,CUST-674295,Kochi,Moving house,"Dear team, shifting requset raised but no one came on the date given thank you",broadband,installation_relocation,low,,neutral,request,relocation|new address|shifting,Raised shifting request with new address and preferred date | Feasibility confirmed within 24 hours | Shifting charges waived as customer is on an annual plan | Technician set up the line at the new address,Connection shifted to the new address after feasibility; charges waived/billing paused where applicable.,ravi,KB-012
TCK-10223,2026-10-02T17:45:06+05:30,2026-10-02T19:45:06+05:30,app,CUST-419739,Coimbatore,slow 5g speed,"Good morning, data speed super slow after afternoon every day",mobile,mobile_data_issue,medium,,neutral,incident,speed|network mode|slow data,"Daily high-speed data used up by afternoon, speed reduced to 64 kbps | Explained and offered booster pack",Slow mobile data due to daily quota or wrong network mode; booster offered or mode fixed.,meera,KB-017
TCK-10224,2026-10-02T17:49:15+05:30,2026-10-02T22:20:15+05:30,phone,CUST-809794,Kochi,calls cutting,"Hello, network weak indoors, voice breaking on calls. thank you",mobile,mobile_network_coverage,medium,,neutral,incident,vowifi|call drop|indoor coverage,"Drops only indoors, customer has home broadband | Enabled WiFi calling (VoWiFi) on customer's phone | Customer confirmed calls are clear at home",Indoor call drops handled with VoWiFi/VoLTE and coverage feedback to the planning team.,meera,KB-014
TCK-10225,2026-10-02T18:00:28+05:30,2026-10-02T19:46:28+05:30,chat,CUST-549865,Mumbai,Technician did not come,Worst service ever. Installation appointment missed 3 times. nobody calls before coming. Pathetic service.,broadband,installation_relocation,medium,,angry,complaint,new connection|installation|technician,"Feasibility pending because society NOC was missing | Shared NOC letter template with customer | After NOC, installation completed within 48 hours",Installation delay resolved by priority rescheduling or completing building permission (NOC).,ravi,KB-011
TCK-10226,2026-10-02T18:02:33+05:30,2026-10-02T21:38:33+05:30,app,CUST-542244,Delhi,payment deducted not updated,"paid the bill through upi, money deducted but it still shows due please do the needufl jaldi karo please",billing,billing_dispute,medium,,frustrated,incident,double debit|upi|payment failed,"Second payment was a duplicate | Marked duplicate for refund, 5-7 working days to source account | Shared refund reference",Payment posted manually from console or duplicate debit refunded to source.,meera,KB-028
TCK-10227,2026-10-02T18:06:20+05:30,2026-10-02T18:41:20+05:30,app,CUST-665163,Kolkata,Delete my data,"hi someone is claling me with my plan details, my data has been leaked by your company",mobile,legal_regulatory,critical,privacy,frustrated,request,data leak|spam calls|call records,"Explained that records of another number cannot be shared | Shared steps to download own CDR from app, logged request for privacy review",Privacy request verified and routed to privacy team after admin approval; no third-party data shared.,meera,KB-035
TCK-10228,2026-10-02T18:12:17+05:30,2026-10-02T23:45:17+05:30,phone,CUST-322203,Chennai,Refund annual plan,Totally fed up with you people. Cancel my connection and refund the full anual plan amount to my bank Fix it immediately or I will switch to anther provider.,billing,refund_compensation,critical,compensation,angry,request,compensation|refund|waiver,"Router faulty within warranty, replacement offered instead of refund | Admin approved replacement and one month credit",Refund request above agent limit approved by admin (pro-rata or replacement + credit).,ravi,KB-034
TCK-10229,2026-10-02T18:23:23+05:30,2026-10-02T19:58:23+05:30,app,CUST-836984,Coimbatore,Roaming bill wrong,"Got a bill of Rs 3,800 for roaming even thouhg I had a pack. I want this fiexd TODAY!!",mobile,roaming,medium,,angry,complaint,bill shock|roaming charges|ir pack,"Pack was active and usage within limits, system error | Raised billing correction of Rs 1,450 (within agent limit) | Correction reflects in next bill",Roaming charges explained from usage records or corrected when billed in error.,meera,KB-022
TCK-10230,2026-10-02T18:28:23+05:30,2026-10-02T19:55:23+05:30,app,CUST-602790,Chennai,Delete my data,"hi, i want all my personal data deleted from your systems",mobile,legal_regulatory,critical,privacy,frustrated,request,spam calls|data leak|personal data,"Explained that records of another number cannot be shared | Shared steps to download own CDR from app, logged request for privacy review",Privacy request verified and routed to privacy team after admin approval; no third-party data shared.,meera,KB-035
TCK-10231,2026-10-02T18:31:55+05:30,2026-10-02T22:28:55+05:30,phone,CUST-668096,Kolkata,double debit,"chraged twice for the same bill payment, please refund. please do the needful",billing,billing_dispute,medium,,frustrated,incident,refund|double debit|upi,"Took UPI reference, found successful payment in console | Posted payment to the account manually | Due amount cleared",Payment posted manually from console or duplicate debit refunded to source.,meera,KB-028
TCK-10232,2026-10-02T18:34:51+05:30,2026-10-02T20:32:51+05:30,chat,CUST-834498,Hyderabad,Network issue after travel,"Hello team, In Kolkata for work, data not woking at all. kindly rseolve soon",mobile,mobile_network_coverage,medium,,frustrated,incident,network selection|travel|other state,Asked customer to turn on data roaming (national roaming is free) | Set network selection to automatic and restarted phone | Data working,"National roaming data fixed by enabling data roaming, automatic network and profile refresh.",ravi,KB-015
TCK-10233,2026-10-02T18:39:38+05:30,2026-10-02T22:54:38+05:30,app,CUST-792764,Bengaluru,WiFi range problem,"Wifi rnage is poor, my work laptop keeps losing connection in the kitchen. please look into it urgently",broadband,broadband_slow_speed,low,,frustrated,request,mesh|range|router placement,"Home is a duplex of about 1800 sq ft | Offered mesh WiFi add-on, customer accepted | Mesh node installed upstairs, signal strong on both floors",Weak WiFi coverage fixed by router placement or mesh add-on.,meera,KB-006
TCK-10234,2026-10-02T18:51:43+05:30,2026-10-02T19:57:43+05:30,phone,CUST-830943,Kochi,high roaming charges,"Huge international roaming charges after my Thailand trip, I had an atcive IR pack. Pathetic service!!",mobile,roaming,medium,,angry,complaint,bill shock|ir pack|roaming charges,"Pack was active and usage within limits, system error | Raised billing correction of Rs 1,450 (within agent limit) | Correction reflects in next bill",Roaming charges explained from usage records or corrected when billed in error.,meera,KB-022
TCK-10235,2026-10-02T18:53:31+05:30,2026-10-02T21:09:31+05:30,chat,CUST-670913,Bengaluru,LOS red light on router,"Good morning, routre showing red LOS light and PON light off, completely dead since 4 days. Thanks.",broadband,broadband_disconnection,high,,neutral,incident,ont|red light|fibre cut,"Checked outage dashboard, no active incident | Customer found the fibre patch cord pulled out behind the router and reconnected it | LOS light turned off, PON green, internet working",Red LOS light: fibre cut repaired by field technician or loose patch cord reconnected.,ravi,KB-003
TCK-10236,2026-10-02T19:00:00+05:30,2026-10-02T19:32:00+05:30,app,CUST-550908,Bengaluru,area outage,"Internet down in the whole of HSR Layout, all my neighbours also have no connection please look into it urgetly",broadband,service_outage,high,,frustrated,incident,area down|etr|tower down,"Outage dashboard showed active incident for the pincode (fibre cut due to metro work) | Tagged ticket to incident and shared ETR | Service restored, automatic pro-rata credit for downtime above 24 hours not applicable","Area outage due to feeder fibre cut; ticket tagged to incident, ETR shared, restored.",meera,KB-031|KB-003
TCK-10237,2026-10-02T19:05:40+05:30,2026-10-02T20:10:40+05:30,phone,CUST-425236,Chennai,Router settings changed,"I bought a new TP-Link router, how to configure it with your connection? need PPPoE details. Pelase help.",broadband,router_wifi_setup,medium,,neutral,incident,pppoe|router configuration|replacement,"Company router, triggered re-provision from ACS | Customer rebooted after 5 minutes, internet light green | Helped customer set WiFi name and password again",Router reset/misconfiguration fixed by ACS re-provisioning or PPPoE reconfiguration.,ravi,KB-008
TCK-10238,2026-10-02T19:05:42+05:30,2026-10-02T20:50:42+05:30,app,CUST-149334,Mumbai,bill amount too high,Why is there a caller tune charge on my bill? never activated it please do the needful,billing,billing_dispute,medium,,frustrated,complaint,bill|billing correction|wrong charges,"Caller tune VAS activated without request | Deactivated VAS and raised billing correction of Rs 180 | Kept disputed amount on hold, shared dispute ID",Bill explained (pro-rata) or unrequested VAS removed and corrected within agent limit.,ravi,KB-027
TCK-10239,2026-10-02T19:09:00+05:30,2026-10-02T21:20:00+05:30,phone,CUST-320511,Bengaluru,area outage,"hi complete otuage in our area, nobody's broadband is working. this is relaly affecting my work",broadband,service_outage,high,,frustrated,incident,outage|fibre cut|multiple customers,"Tagged to active incident, did not ask customer to reset equipment | Shared ETR and SMS updates | Restored after feeder fibre splice","Area outage due to feeder fibre cut; ticket tagged to incident, ETR shared, restored.",ravi,KB-031|KB-003
TCK-10240,2026-10-02T19:11:00+05:30,2026-10-02T23:59:00+05:30,store,CUST-671194,Bengaluru,Area outage,"Internet down in the whole of HSR Layout, all my neighbours also have no connection. Pathetic service!!",broadband,service_outage,high,,angry,incident,tower down|fibre cut|outage,"Outage dashboard showed active incident for the pincode (fibre cut due to metro work) | Tagged ticket to incident and shared ETR | Service restored, automatic pro-rata credit for downtime above 24 hours not applicable","Area outage due to feeder fibre cut; ticket tagged to incident, ETR shared, restored.",meera,KB-031|KB-003
TCK-10241,2026-10-02T19:12:04+05:30,2026-10-02T23:29:04+05:30,phone,CUST-732599,Kolkata,Waive my bill,"My intrent was down for 5 days, I want a full month refund. Pathetic service!!",broadband,refund_compensation,critical,compensation,angry,complaint,compensation|goodwill|refund,Business loss compensation is outside policy | Admin reviewed and approved one month rental waiver as goodwill,Compensation above agent limit sent for admin approval; pro-rata credit plus approved waiver.,ravi,KB-034|KB-031
TCK-10242,2026-10-02T19:14:00+05:30,2026-10-02T20:42:00+05:30,phone,CUST-632216,Bengaluru,Internet down in entire area,"This is ridiculous. whole society in HSR Layout has no wifi since evening, any update?? I want this fixed TODAY.",broadband,service_outage,high,,angry,incident,fibre cut|multiple customers|tower down,"Tagged to active incident, did not ask customer to reset equipment | Shared ETR and SMS updates | Restored after feeder fibre splice","Area outage due to feeder fibre cut; ticket tagged to incident, ETR shared, restored.",ravi,KB-031|KB-003
TCK-10243,2026-10-02T19:20:00+05:30,2026-10-02T21:23:00+05:30,phone,CUST-327496,Bengaluru,Internet down in entire area,"internet down in the whloe of hsr layout, all my neighbours also have no connection. please do the needful",broadband,service_outage,high,,frustrated,incident,tower down|outage|area down,"Outage dashboard showed active incident for the pincode (fibre cut due to metro work) | Tagged ticket to incident and shared ETR | Service restored, automatic pro-rata credit for downtime above 24 hours not applicable","Area outage due to feeder fibre cut; ticket tagged to incident, ETR shared, restored.",meera,KB-031|KB-003
TCK-10244,2026-10-02T19:22:00+05:30,2026-10-02T23:59:00+05:30,app,CUST-224122,Bengaluru,Whole building no internet,"hi complete outage in our area, nobody's broadband is working please look into it urgently",broadband,service_outage,high,,frustrated,incident,fibre cut|area down|outage,"Outage dashboard showed active incident for the pincode (fibre cut due to metro work) | Tagged ticket to incident and shared ETR | Service restored, automatic pro-rata credit for downtime above 24 hours not applicable","Area outage due to feeder fibre cut; ticket tagged to incident, ETR shared, restored.",meera,KB-031|KB-003
TCK-10245,2026-10-02T19:23:23+05:30,2026-10-02T23:59:00+05:30,phone,CUST-682316,Kochi,calls cutting,"call drop issue too much, especialyl at home in Kakkanad",mobile,mobile_network_coverage,medium,,neutral,incident,weak signal|indoor coverage|call drop,"Drops only indoors, customer has home broadband | Enabled WiFi calling (VoWiFi) on customer's phone | Customer confirmed calls are clear at home",Indoor call drops handled with VoWiFi/VoLTE and coverage feedback to the planning team.,meera,KB-014
TCK-10246,2026-10-02T19:25:31+05:30,2026-10-02T20:45:31+05:30,phone,CUST-131167,Mumbai,No signal on TV,"after the storm yestrday no signal on tv, dish may have moved Fix it immediately or I will switch to another provider.",dth,dth_signal_loss,medium,,angry,incident,lnb|cable|rain fade,"Heavy rain in area, explained rain fade | Signal returned once rain stopped",DTH no signal from rain fade (temporary) or dish misalignment fixed by technician.,ravi,KB-023
TCK-10247,2026-10-02T19:26:00+05:30,2026-10-02T20:04:00+05:30,app,CUST-182598,Bengaluru,Internet down in entire area,"Totally fed up with you people. Internet down in the whole of HSR Layout, all my neighbours also have no connection. Pathetic service.",broadband,service_outage,high,,angry,incident,outage|tower down|area down,"Tagged to active incident, did not ask customer to reset equipment | Shared ETR and SMS updates | Restored after feeder fibre splice","Area outage due to feeder fibre cut; ticket tagged to incident, ETR shared, restored.",ravi,KB-031|KB-003
TCK-10248,2026-10-02T19:28:03+05:30,2026-10-02T22:00:03+05:30,phone,CUST-453492,Kolkata,Plan upgrade,"Hello, Want to upgrade to a faster plan, what are the options. Thanks.",billing,plan_change,low,,neutral,request,upgrade|lock-in|plan change,Downgrade scheduled from next billing cycle | Confirmation sent by SMS and email,"Plan upgraded (immediate, pro-rata) or downgraded from next cycle as requested.",ravi,KB-030|KB-005
TCK-10249,2026-10-02T19:30:13+05:30,2026-10-02T21:59:13+05:30,app,CUST-253999,Kolkata,No service,"Hello, No network on my sim since 2 days, tried restarting the phone thank you",mobile,mobile_network_coverage,high,,neutral,incident,no service|network selection|no signal,"Number active in CRM, no outage in area | Network selection was manual on another operator, set to automatic | Airplane mode toggle, service restored",No signal on a single SIM fixed by automatic network selection or SIM replacement.,meera,KB-013
TCK-10250,2026-10-02T19:30:22+05:30,2026-10-02T23:59:00+05:30,chat,CUST-537110,Coimbatore,Bill amount too high,hi Why is there a caller tune charge on my bill? never activated it,billing,billing_dispute,medium,,frustrated,complaint,extra charges|billing correction|bill,"Caller tune VAS activated without request | Deactivated VAS and raised billing correction of Rs 180 | Kept disputed amount on hold, shared dispute ID",Bill explained (pro-rata) or unrequested VAS removed and corrected within agent limit.,ravi,KB-027
TCK-10251,2026-10-02T19:33:44+05:30,2026-10-02T23:59:00+05:30,email,CUST-345770,Kochi,Late fee despite autopay,Worst service ever. my autopay mandate stopped working after my new card. Totally unacceptable!!,billing,billing_dispute,medium,,angry,complaint,due date|autopay|mandate,Mandate expired after card replacement | Helped customer register new mandate in the app | Gave one-time late fee waiver as goodwill,Late fee waived when autopay failed on our side; new mandate registered otherwise.,ravi,KB-029
TCK-10252,2026-10-02T19:38:00+05:30,2026-10-02T23:16:00+05:30,phone,CUST-769396,Bengaluru,Internet down in entire area,"entire building has no internet since 7 in the evening, is there an outage in hsr layout? fix it immediately or i will switch to another provider!!",broadband,service_outage,high,,angry,incident,multiple customers|outage|etr,"Tagged to active incident, did not ask customer to reset equipment | Shared ETR and SMS updates | Restored after feeder fibre splice","Area outage due to feeder fibre cut; ticket tagged to incident, ETR shared, restored.",ravi,KB-031|KB-003
TCK-10253,2026-10-02T19:38:59+05:30,2026-10-02T23:59:00+05:30,email,CUST-947228,Delhi,KYC failed,"Hello, new sim sohws no service, store said 4 hours but its been a full day. Let me know.",mobile,sim_activation_porting,medium,,neutral,incident,kyc|replacement sim|new sim,"KYC failed due to document mismatch | Asked customer to visit store with original ID, re-verification done | SIM activated same day",SIM activation completed after tele-verification or KYC re-verification at the store.,ravi,KB-018
TCK-10254,2026-10-02T19:44:09+05:30,2026-10-02T23:59:00+05:30,chat,CUST-926051,Chennai,Data leak complaint,"Worts service ever. Someone is calling me with my plan details, my data has been leaked by your company. Pathetic service!!",mobile,legal_regulatory,critical,privacy,angry,request,spam calls|delete my data|personal data,"Verified identity, logged deletion request with exact wording for privacy team | Admin approved standard acknowledgement; privacy team confirmed timeline",Privacy request verified and routed to privacy team after admin approval; no third-party data shared.,meera,KB-035
TCK-10255,2026-10-02T19:48:12+05:30,2026-10-02T23:47:12+05:30,phone,CUST-557311,Mumbai,Unknown OTPs,someone changed the registered email on my account and i'm getting otps i didn't request. this is really affecting my work,mobile,fraud_account_security,critical,fraud,frustrated,incident,block sim|otp|unauthorised,"Explained we never ask for OTP or UPC over calls | Logged the caller number for fraud team | Advised customer to report on 1930, admin reviewed","Account takeover: account locked, credentials reset, fraud team engaged, admin reviewed.",ravi,KB-033
TCK-10256,2026-10-02T19:50:07+05:30,2026-10-02T20:36:07+05:30,chat,CUST-145383,Kochi,dth error e48-32,"TV showing no signal since morning, all channels please do the needful",dth,dth_signal_loss,medium,,frustrated,incident,no signal|e-code|rain fade,"Heavy rain in area, explained rain fade | Signal returned once rain stopped",DTH no signal from rain fade (temporary) or dish misalignment fixed by technician.,ravi,KB-023
TCK-10257,2026-10-02T19:51:06+05:30,2026-10-02T21:17:06+05:30,email,CUST-118519,Mumbai,Account hacked,"sir, an unknown person logged in to my mynte app and changed my plan. kindly resolve soon",mobile,fraud_account_security,critical,fraud,frustrated,incident,account takeover|sim swap|unauthorised,"Verified caller, locked app account and reset credentials | Restored registered email after ID verification | Escalated to fraud team, admin approved closure note","Account takeover: account locked, credentials reset, fraud team engaged, admin reviewed.",meera,KB-033
TCK-10258,2026-10-02T19:53:00+05:30,2026-10-02T22:08:00+05:30,phone,CUST-416611,Bengaluru,Area outage,"This is ridiculous. whole society in HSR Layout has no wifi sine evening, any update?? Is anyone even responsible there?",broadband,service_outage,high,,angry,incident,area down|multiple customers|outage,"Tagged to active incident, did not ask customer to reset equipment | Shared ETR and SMS updates | Restored after feeder fibre splice","Area outage due to feeder fibre cut; ticket tagged to incident, ETR shared, restored.",meera,KB-031|KB-003
TCK-10259,2026-10-02T19:58:19+05:30,2026-10-02T23:59:00+05:30,store,CUST-543621,Chennai,remove channels,"Hi, please add the tamil regional pack",dth,dth_channels_recharge,low,,neutral,request,ncf|a-la-carte|add channel,"Showed current pack and monthly amount with NCF | Added requested pack from CRM, active in 15 minutes",Channel packs added/removed; NCF and pro-rata credit explained.,ravi,KB-026
TCK-10260,2026-10-02T19:59:00+05:30,2026-10-02T23:59:00+05:30,chat,CUST-511907,Bengaluru,Internet down in entire area,"whole society in hsr layout has no wifi since evening, any update?? please look into it urgently",broadband,service_outage,high,,frustrated,incident,area down|etr|multiple customers,"Tagged to active incident, did not ask customer to reset equipment | Shared ETR and SMS updates | Restored after feeder fibre splice","Area outage due to feeder fibre cut; ticket tagged to incident, ETR shared, restored.",meera,KB-031|KB-003
TCK-10261,2026-10-02T20:01:23+05:30,2026-10-02T23:59:00+05:30,chat,CUST-899897,Pune,Change plan,"Dear team, my data runs out eevry month, which plan should I take. thank you",billing,plan_change,low,,neutral,request,downgrade|upgrade|pro-rata,Downgrade scheduled from next billing cycle | Confirmation sent by SMS and email,"Plan upgraded (immediate, pro-rata) or downgraded from next cycle as requested.",meera,KB-030|KB-005
TCK-10262,2026-10-02T20:06:00+05:30,2026-10-02T22:01:00+05:30,app,CUST-557049,Bengaluru,Whole building no internet,"Hello team, Internet down in the whole of HSR Layout, all my neighbours also have no connection please do the needful",broadband,service_outage,high,,frustrated,incident,fibre cut|etr|area down,"Tagged to active incident, did not ask customer to reset equipment | Shared ETR and SMS updates | Restored after feeder fibre splice","Area outage due to feeder fibre cut; ticket tagged to incident, ETR shared, restored.",ravi,KB-031|KB-003
TCK-10263,2026-10-02T20:08:57+05:30,2026-10-02T21:11:57+05:30,app,CUST-323095,Pune,No service,"Dear team, No network on my sim since 2 days, tried restarting the phone. thank you",mobile,mobile_network_coverage,high,,neutral,incident,network selection|no signal|emergency calls only,"Number active in CRM, no outage in area | Network selection was manual on another operator, set to automatic | Airplane mode toggle, service restored",No signal on a single SIM fixed by automatic network selection or SIM replacement.,ravi,KB-013
TCK-10264,2026-10-02T20:09:55+05:30,2026-10-02T23:47:55+05:30,chat,CUST-717429,Bengaluru,SIM swap fraud,"Worst service ever. Got a message that my eSIM was activated on a new device, I didn't do it!! please block it. Fix it immediately or I will switch to another provider.",mobile,fraud_account_security,critical,fraud,angry,incident,account takeover|sim swap|bank fraud,"Verified caller with security questions | Immediately blocked the SIM and suspended outgoing services | Advised customer to inform bank and report on cyber crime helpline 1930 | Admin approved restoration after in-store verification with original ID, fraud team investigating","SIM swap: number blocked immediately, bank/cyber crime advised, restoration after verification with admin approval.",ravi,KB-033
TCK-10265,2026-10-02T20:18:45+05:30,2026-10-02T21:06:45+05:30,chat,CUST-929026,Mumbai,Compensation demand,"my internet was down for 5 days, i want a full month refund",broadband,refund_compensation,critical,compensation,frustrated,complaint,waiver|compensation|refund,"Checked service history: 5 days downtime confirmed | Automatic pro-rata credit applied for downtime | Requested full month waiver sent for admin approval; admin approved half month waiver | Customer informed after approval, no amount promised before",Compensation above agent limit sent for admin approval; pro-rata credit plus approved waiver.,meera,KB-034|KB-031
TCK-10266,2026-10-02T20:25:25+05:30,2026-10-02T23:59:00+05:30,app,CUST-894423,Coimbatore,Plan upgrade,is thre any annual plan with OTT,billing,plan_change,low,,neutral,request,upgrade|lock-in|pro-rata,"Checked usage, customer hits FUP every month | Suggested 300 Mbps plan with higher FUP, upgrade applied immediately with pro-rata charge","Plan upgraded (immediate, pro-rata) or downgraded from next cycle as requested.",meera,KB-030|KB-005
TCK-10267,2026-10-02T20:32:22+05:30,2026-10-02T22:24:22+05:30,phone,CUST-404154,Kochi,Number ported without consent,This is ridiculous. My number got ported out without my knowledge. Pahetic service.,mobile,fraud_account_security,critical,fraud,angry,incident,sim swap|unauthorised|fraud,"Stopped pending port-out request | Blocked eSIM profile, escalated to fraud team as critical | New SIM issued after in-store verification, admin approved","SIM swap: number blocked immediately, bank/cyber crime advised, restoration after verification with admin approval.",meera,KB-033
TCK-10268,2026-10-02T20:36:08+05:30,2026-10-02T23:59:00+05:30,app,CUST-505785,Kolkata,internet very slow,"this is ridiculous. speed is terrible, downloads crawling at few hundred kb/s. plan is 100 mbps i want this fied today!!",broadband,broadband_slow_speed,medium,,angry,incident,speed test|slow speed|wifi,"Wired speed test was below 50% of plan | Checked FUP status, not exhausted; line profile in CRM was set to an old lower plan | Corrected the line profile and restarted the router | Speed test after fix matched plan speed",Slow speed: wired test showed WiFi limitation (moved to 5 GHz) or wrong line profile corrected.,ravi,KB-004
TCK-10269,2026-10-02T20:49:24+05:30,2026-10-02T23:59:00+05:30,app,CUST-207573,Mumbai,Repeated complaint not solved,"hi keeps dropping again, alraedy had a technician visit on monday. very poor service please look into it urgently",broadband,broadband_disconnection,high,,frustrated,problem,power cycle|disconnection|los light,"Reviewed previous tickets, two closed without root cause | Line test showed high attenuation on the drop cable | Escalated to senior field team, drop cable replaced end to end | Router replaced as it was an end-of-life model | Monitored for 3 days and called customer, issue resolved","Repeat disconnection: escalated to senior field team, root cause found (cable/splitter) and fixed.",ravi,KB-001|KB-002
TCK-10270,2026-10-02T21:02:28+05:30,2026-10-02T22:27:28+05:30,phone,CUST-746081,Chennai,wifi name change,"Hello, need help to change wifi name and password, router login page not opening Please help.",broadband,router_wifi_setup,low,,neutral,request,ssid|router login|192.168.1.1,"Guided customer to MyNet app > Router > WiFi settings | Customer changed WiFi name and password | Reconnected devices, advised changing router admin password too",WiFi name/password changed through the app or router admin page.,ravi,KB-007
TCK-10271,2026-10-02T21:06:07+05:30,2026-10-02T23:13:07+05:30,chat,CUST-299903,Bengaluru,Change plan,"Dear team, please downgrade my plan to the cheaper one from next month Please help. bhai please check",billing,plan_change,low,,neutral,request,upgrade|downgrade|lock-in,Downgrade scheduled from next billing cycle | Confirmation sent by SMS and email,"Plan upgraded (immediate, pro-rata) or downgraded from next cycle as requested.",meera,KB-030|KB-005
TCK-10272,2026-10-02T21:07:24+05:30,2026-10-02T23:59:00+05:30,app,CUST-186345,Bengaluru,no service,"SIM showing no service, other people in the house have signal on the same network Totally unacceptable!!",mobile,mobile_network_coverage,high,,angry,incident,sim|no signal|no service,"SIM did not work in another phone either | Issued free SIM replacement at the nearest store | New SIM activated in 2 hours, service restored",No signal on a single SIM fixed by automatic network selection or SIM replacement.,ravi,KB-013
TCK-10273,2026-10-02T21:17:05+05:30,2026-10-02T23:59:00+05:30,store,CUST-982600,Mumbai,Deposit refund,"Hi, I demand money back for the 3 months I paid for bad service",billing,refund_compensation,critical,compensation,neutral,request,refund|credit|approval limit,Explained refund needs approval and did not promise an amount | Admin approved pro-rata refund of unused months to source account | Refund processed in 7 working days,Refund request above agent limit approved by admin (pro-rata or replacement + credit).,ravi,KB-034
TCK-10274,2026-10-02T21:19:29+05:30,2026-10-02T23:59:00+05:30,phone,CUST-658424,Delhi,Late fee despite autopay,"Hello team, late payment charges added though I paid on time",billing,billing_dispute,medium,,frustrated,complaint,autopay|due date|mandate,Mandate expired after card replacement | Helped customer register new mandate in the app | Gave one-time late fee waiver as goodwill,Late fee waived when autopay failed on our side; new mandate registered otherwise.,ravi,KB-029
TCK-10275,2026-10-02T21:19:55+05:30,2026-10-02T23:59:00+05:30,phone,CUST-282256,Pune,broadband unstable,Totally fed up with you people. Net is going on and off the whole day. not able to attend my online classes properly. Fix it immediately or I will switch to another provider!!,broadband,broadband_disconnection,high,,angry,incident,router|los light|cables,"Asked customer to note router lights during a drop, PON light stayed on and only internet light went off | Power cycled the router (30 seconds off) and re-seated the LAN and fibre patch cords | Re-provisioned router session from ACS | Monitored for 24 hours, no further drops","Random drops fixed by router power cycle / cable re-seat, or line fault repaired by field visit.",meera,KB-001
TCK-10276,2026-10-02T21:24:11+05:30,2026-10-02T23:59:00+05:30,chat,CUST-695130,Kochi,number ported without consent,hi My number got ported out without my knowledge. please do the needful,mobile,fraud_account_security,critical,fraud,frustrated,incident,bank fraud|otp|fraud,"Verified caller with security questions | Immediately blocked the SIM and suspended outgoing services | Advised customer to inform bank and report on cyber crime helpline 1930 | Admin approved restoration after in-store verification with original ID, fraud team investigating","SIM swap: number blocked immediately, bank/cyber crime advised, restoration after verification with admin approval.",meera,KB-033
TCK-10277,2026-10-02T21:25:44+05:30,2026-10-02T23:49:44+05:30,phone,CUST-571404,Kochi,laptop not connecting to wifi,"hello team, smart tv not able to connect to wifi, other devices working. please do the needful",broadband,router_wifi_setup,low,,frustrated,incident,cannot connect|ip address|wifi,"Asked customer to forget the network and reconnect | Device still failed, it did not support WPA3 | Switched router security to WPA2/WPA3 mixed from ACS, device connected","Single device unable to join WiFi; fixed via reconnect, WPA2/WPA3 mixed mode or clearing device limit.",meera,KB-009
TCK-10278,2026-10-02T21:37:44+05:30,2026-10-02T23:59:00+05:30,store,CUST-331251,Kochi,broadband unstable,"Hello team, Net is going on and off the whole day. not able to attend my online classes properly. kindly resolve soon",broadband,broadband_disconnection,high,,frustrated,incident,cables|los light|power cycle,"Line test in CRM showed repeated sync loss | Raised line fault ticket, field technician replaced damaged patch cord at the building box | Customer confirmed stable connection after the visit","Random drops fixed by router power cycle / cable re-seat, or line fault repaired by field visit.",ravi,KB-001
TCK-10279,2026-10-02T21:38:58+05:30,2026-10-02T23:59:00+05:30,app,CUST-497455,Coimbatore,internet not working on phone,"hi Mobile data not working, calls fine. Shows 4G but nothing opens kindly resolve soon",mobile,mobile_data_issue,medium,,frustrated,incident,internet not working|5g|data balance,Daily data quota was exhausted | Explained reset time and customer bought a 2 GB booster | Data working immediately,Mobile data restored via APN reset or explained exhausted daily quota with booster.,ravi,KB-016
TCK-10280,2026-10-02T21:39:02+05:30,2026-10-02T23:59:00+05:30,app,CUST-167064,Bengaluru,ir pack activation,"Hi, Landed in Singapore, no network on my phone. Roaming pack already bought. Thanks.",mobile,roaming,medium,,neutral,request,travel abroad|international roaming|ir pack,Activated IR service and suggested the country pack | Customer bought the pack in the app | Shared IR helpline number,International roaming activated with a country pack; data roaming enabled on the phone.,meera,KB-021
TCK-10281,2026-10-02T21:39:34+05:30,2026-10-02T23:59:00+05:30,chat,CUST-321941,Bengaluru,frequent disconnection,"Hello team, Net is going on and off the whole day. not able to attend my online classes properly. please do the needful",broadband,broadband_disconnection,high,,frustrated,incident,router|cables|disconnection,"Line test in CRM showed repeated sync loss | Raised line fault ticket, field technician replaced damaged patch cord at the building box | Customer confirmed stable connection after the visit","Random drops fixed by router power cycle / cable re-seat, or line fault repaired by field visit.",ravi,KB-001
TCK-10282,2026-10-02T21:42:42+05:30,2026-10-02T23:04:42+05:30,phone,CUST-910749,Mumbai,channels not showing after recharge,"Hi, recharged the wrong customer ID by mistake please do the needful",dth,dth_channels_recharge,low,,frustrated,incident,activation|not subscribed|channels missing,"Recharge confirmed in CRM | Sent refresh command with box on, channels back in 10 minutes",Missing channels restored with refresh command or recharge transferred to correct ID.,ravi,KB-025
TCK-10283,2026-10-02T21:50:55+05:30,2026-10-02T23:07:55+05:30,phone,CUST-532322,Hyderabad,Internet drops every evening,"Internet keeps going off in the evening hours when everyone is home, netflix buffering and zoom calls dropping since 2 days.",broadband,broadband_disconnection,high,,frustrated,incident,5ghz|channel|peak hours,"Checked line test in CRM, no sync loss on the line | Node utilisation report showed the access node above 85% during peak hours | Raised capacity ticket with network team, customer moved to a less loaded port | Asked customer to use 5 GHz WiFi for laptop and TV | Monitored for 2 evenings, connection stable","Evening drops caused by WiFi congestion / peak-hour load; channel changed, firmware updated, monitored.",ravi,KB-002|KB-001
TCK-10284,2026-10-02T21:59:01+05:30,2026-10-02T23:59:00+05:30,phone,CUST-979940,Kolkata,3rd complaint - still disconnecting,This is ridiculous. 3rd complaint this month!! internet still disconnecting every day. your technician said its fixed but its not. Toally unacceptable!! kya ho raha hai,broadband,broadband_disconnection,high,,angry,problem,cables|disconnection|router,"Reviewed previous tickets, two closed without root cause | Line test showed high attenuation on the drop cable | Escalated to senior field team, drop cable replaced end to end | Router replaced as it was an end-of-life model | Monitored for 3 days and called customer, issue resolved","Repeat disconnection: escalated to senior field team, root cause found (cable/splitter) and fixed.",ravi,KB-001|KB-002
TCK-10285,2026-10-02T22:00:46+05:30,2026-10-02T23:34:46+05:30,phone,CUST-909000,Bengaluru,Mobile data not working,"hi Data is on but whatsapp not connecting, already restarted please do the needful",mobile,mobile_data_issue,medium,,frustrated,incident,mobile data|internet not working|apn,Daily data quota was exhausted | Explained reset time and customer bought a 2 GB booster | Data working immediately,Mobile data restored via APN reset or explained exhausted daily quota with booster.,meera,KB-016
TCK-10286,2026-10-02T22:12:39+05:30,2026-10-02T23:50:39+05:30,phone,CUST-176461,Kochi,port request stuck,"hi, port request rejected, they said upc exired let me know. jaldi karo please",mobile,sim_activation_porting,medium,,neutral,complaint,port|mnp|number transfer,"Port-in pending beyond timeline, escalated to MNP desk | Donor operator cleared the request | Number active on our network next day",Porting delay fixed by fresh UPC resubmission or escalation to the MNP desk.,meera,KB-020
TCK-10287,2026-10-02T22:18:18+05:30,2026-10-02T23:52:18+05:30,phone,CUST-361805,Coimbatore,Change wifi password,"Hi team, need help to change wifi name and password, router login page not opening. thansk in advance :)",broadband,router_wifi_setup,low,,positive,request,wifi password|router login|192.168.1.1,Router admin page 192.168.1.1 opened after connecting via LAN | Customer updated SSID and WPA2 password | Removed unknown devices from the connected list,WiFi name/password changed through the app or router admin page.,ravi,KB-007
TCK-10288,2026-10-02T22:20:49+05:30,2026-10-02T23:39:49+05:30,chat,CUST-977885,Coimbatore,escalating to ombudsman,I will escalate to the telecom ombudsman and appellate auhority if this is not resolved in 2 days this is really affecting my work bhai please check,billing,legal_regulatory,critical,regulatory,frustrated,complaint,legal notice|appellate authority|ombudsman,"Recorded regulator docket number and complaint details | Marked critical regulatory, attached history | Admin reviewed and approved the reply; senior team contacted customer within 24 hours",Regulatory complaint logged with docket; admin-approved response by senior team.,meera,KB-032
TCK-10289,2026-10-02T22:24:28+05:30,2026-10-02T23:57:28+05:30,phone,CUST-975373,Chennai,speed reduced suddenly,"Hi, speed dropped to almost nothing, app says I used 850 GB. I dont think we used that much. thank you",broadband,broadband_slow_speed,medium,,neutral,incident,fup|data limit|speed reduced,"Usage report showed FUP exhausted, customer disputed the usage | Shared day-wise usage report, found unknown devices on WiFi | Helped customer change WiFi password | Suggested upgrading to a higher FUP plan, customer agreed to upgrade from next cycle","Speed reduced due to FUP data limit; explained, top-up / plan upgrade offered, WiFi secured.",meera,KB-005
TCK-10290,2026-10-02T22:30:42+05:30,2026-10-02T23:40:42+05:30,chat,CUST-502118,Hyderabad,TRAI complaint,This is ridiculous. I will escalate to the telecom ombudsman and appellate authority if this is not resolved in 2 days Totally unacceptable!!,billing,legal_regulatory,critical,regulatory,angry,complaint,ombudsman|lawyer|legal notice,"Recorded regulator docket number and complaint details | Marked critical regulatory, attached history | Admin reviewed and approved the reply; senior team contacted customer within 24 hours",Regulatory complaint logged with docket; admin-approved response by senior team.,meera,KB-032
TCK-10291,2026-10-02T22:31:22+05:30,2026-10-02T23:59:00+05:30,phone,CUST-229144,Kolkata,Installation pending,"Hi, Installation appointment missed 3 times. nobody calls befre coming",broadband,installation_relocation,medium,,frustrated,complaint,installation|feasibility|technician,"Order was stuck on technician scheduling | Apologised and booked the earliest slot next morning, marked order as priority | Installation completed next day",Installation delay resolved by priority rescheduling or completing building permission (NOC).,ravi,KB-011
TCK-10292,2026-10-02T22:54:14+05:30,2026-10-02T23:59:00+05:30,phone,CUST-738720,Pune,Internet drops every evening,"every night after 8 o'clock the net becomes useless, disconnects 4-5 times. restarted the rouer already please look into it urgently",broadband,broadband_disconnection,high,,frustrated,incident,peak hours|wifi congestion|5ghz,"Checked line test in CRM, no sync loss on the line | Node utilisation report showed the access node above 85% during peak hours | Raised capacity ticket with network team, customer moved to a less loaded port | Asked customer to use 5 GHz WiFi for laptop and TV | Monitored for 2 evenings, connection stable","Evening drops caused by WiFi congestion / peak-hour load; channel changed, firmware updated, monitored.",ravi,KB-002|KB-001
TCK-10293,2026-10-02T22:58:38+05:30,2026-10-02T23:59:00+05:30,app,CUST-241822,Coimbatore,Slow 5G speed,data speed super slow after afternoon every day please help.,mobile,mobile_data_issue,medium,,neutral,incident,speed|congestion|5g,"Daily high-speed data used up by afternoon, speed reduced to 64 kbps | Explained and offered booster pack",Slow mobile data due to daily quota or wrong network mode; booster offered or mode fixed.,ravi,KB-017
TCK-10294,2026-10-03T07:58:08+05:30,2026-10-03T13:34:08+05:30,phone,CUST-589368,Hyderabad,Technician did not come,"hi Paid for a new broadband connection three days ago, still no techniian came please look into it urgently",broadband,installation_relocation,medium,,frustrated,complaint,technician|delay|installation,"Feasibility pending because society NOC was missing | Shared NOC letter template with customer | After NOC, installation completed within 48 hours",Installation delay resolved by priority rescheduling or completing building permission (NOC).,ravi,KB-011
TCK-10295,2026-10-03T08:03:41+05:30,2026-10-03T11:53:41+05:30,phone,CUST-641448,Mumbai,channels not showing after recharge,hi recharged the wrong customer ID by mistake,dth,dth_channels_recharge,low,,frustrated,incident,not subscribed|activation|refresh,"Recharge confirmed in CRM | Sent refresh command with box on, channels back in 10 minutes",Missing channels restored with refresh command or recharge transferred to correct ID.,meera,KB-025
TCK-10296,2026-10-03T08:04:15+05:30,2026-10-03T09:19:15+05:30,phone,CUST-407618,Chennai,los red light on router,"good morning, no internet. the los light is red on the fibre box. construction work goig on in our street. thank you",broadband,broadband_disconnection,high,,neutral,incident,ont|red light|fibre cut,"Confirmed LOS light red, no area outage on dashboard | Asked customer to check the green fibre connector, it was firmly connected | Raised fibre fault ticket, technician found cut fibre near building entrance and spliced it | Internet restored, customer confirmed",Red LOS light: fibre cut repaired by field technician or loose patch cord reconnected.,meera,KB-003
TCK-10297,2026-10-03T08:48:14+05:30,2026-10-03T13:48:14+05:30,email,CUST-676429,Pune,wifi name change,"dear team, how do i change my wifi password? frgot the old one. thanks.",broadband,router_wifi_setup,low,,neutral,request,ssid|192.168.1.1|router login,Router admin page 192.168.1.1 opened after connecting via LAN | Customer updated SSID and WPA2 password | Removed unknown devices from the connected list,WiFi name/password changed through the app or router admin page.,ravi,KB-007
TCK-10298,2026-10-03T08:55:01+05:30,2026-10-03T14:12:01+05:30,chat,CUST-606404,Pune,internet very slow,"Hi, I am paying for 200 Mbps plan but getting only 20 Mbps on speed test. this is realyl affecting my work",broadband,broadband_slow_speed,medium,,frustrated,incident,wifi|slow speed|lan,"Wired speed test was below 50% of plan | Checked FUP status, not exhausted; line profile in CRM was set to an old lower plan | Corrected the line profile and restarted the router | Speed test after fix matched plan speed",Slow speed: wired test showed WiFi limitation (moved to 5 GHz) or wrong line profile corrected.,meera,KB-004
TCK-10299,2026-10-03T09:08:30+05:30,2026-10-03T12:49:30+05:30,app,CUST-111991,Bengaluru,speed reduced suddenly,"Good morning, my intenret is stuck at very low speed after the 20th, is there some data limit? thank you",broadband,broadband_slow_speed,medium,,neutral,incident,top-up|speed reduced|data limit,"Checked usage in CRM, customer had crossed the FUP limit for the cycle | Explained reduced speed and reset date | Customer bought a 100 GB data top-up, speed restored within 15 minutes","Speed reduced due to FUP data limit; explained, top-up / plan upgrade offered, WiFi secured.",meera,KB-005
TCK-10300,2026-10-03T09:17:48+05:30,2026-10-03T10:13:48+05:30,app,CUST-335203,Pune,relocation request,"Dear team, shifting request rised but no one came on the date given",broadband,installation_relocation,low,,neutral,request,shifting|relocation|shifting charges,"Shifting visit was missed, rebooked for next day | Paused billing for the days without service | Connection shifted and re-provisioned",Connection shifted to the new address after feasibility; charges waived/billing paused where applicable.,meera,KB-012
TCK-10301,2026-10-03T09:19:04+05:30,2026-10-03T14:16:04+05:30,phone,CUST-685549,Chennai,4G not working,"hi Mobile data not working, calls fine. Shows 4G but nothing opens. please look into it urgenlty",mobile,mobile_data_issue,medium,,frustrated,incident,apn|data balance|5g,Daily data quota was exhausted | Explained reset time and customer bought a 2 GB booster | Data working immediately,Mobile data restored via APN reset or explained exhausted daily quota with booster.,ravi,KB-016
TCK-10302,2026-10-03T09:29:43+05:30,2026-10-03T09:55:43+05:30,phone,CUST-667451,Kolkata,speed reduced suddenly,"hi, speed suddenly became 2 mbps since yesterday, earlier it was fine. end of month this always happens thanks.",broadband,broadband_slow_speed,medium,,neutral,incident,plan|fup|top-up,"Checked usage in CRM, customer had crossed the FUP limit for the cycle | Explained reduced speed and reset date | Customer bought a 100 GB data top-up, speed restored within 15 minutes","Speed reduced due to FUP data limit; explained, top-up / plan upgrade offered, WiFi secured.",meera,KB-005
TCK-10303,2026-10-03T09:47:16+05:30,2026-10-03T15:13:16+05:30,phone,CUST-296059,Hyderabad,No network on SIM,"not able to call or sms, network completely gone on my number",mobile,mobile_network_coverage,high,,frustrated,incident,no service|emergency calls only|network selection,"Number active in CRM, no outage in area | Network selection was manual on another operator, set to automatic | Airplane mode toggle, service restored",No signal on a single SIM fixed by automatic network selection or SIM replacement.,ravi,KB-013
TCK-10304,2026-10-03T09:52:21+05:30,2026-10-03T14:10:21+05:30,phone,CUST-218548,Kolkata,New connection delay,"hi Paid for a new broadband connection last week ago, still no technician came",broadband,installation_relocation,medium,,frustrated,complaint,delay|feasibility|installation,"Feasibility pending because society NOC was missing | Shared NOC letter template with customer | After NOC, installation completed within 48 hours",Installation delay resolved by priority rescheduling or completing building permission (NOC).,ravi,KB-011
TCK-10305,2026-10-03T09:56:41+05:30,2026-10-03T13:21:41+05:30,phone,CUST-230824,Kochi,Payment deducted not updated,"hello team, paid the bill through upi, money deducted but it still shows due please do the needful",billing,billing_dispute,medium,,frustrated,incident,refund|double debit|upi,"Second payment was a duplicate | Marked duplicate for refund, 5-7 working days to source account | Shared refund reference",Payment posted manually from console or duplicate debit refunded to source.,meera,KB-028
TCK-10306,2026-10-03T10:02:59+05:30,2026-10-03T11:10:59+05:30,chat,CUST-114400,Delhi,4G not working,"Hi, internet not working on my phone since morning even though I have balance",mobile,mobile_data_issue,medium,,frustrated,incident,data balance|mobile data|apn,Data balance available | Reset APN to default (mynet) and restarted phone | Data working,Mobile data restored via APN reset or explained exhausted daily quota with booster.,ravi,KB-016
TCK-10307,2026-10-03T10:08:28+05:30,2026-10-03T12:24:28+05:30,app,CUST-206900,Mumbai,Escalating to ombudsman,hi complaint registered on the government grievance portal against your service. kindly resolve soon,billing,legal_regulatory,critical,regulatory,frustrated,complaint,lawyer|escalation|legal notice,"Recorded regulator docket number and complaint details | Marked critical regulatory, attached history | Admin reviewed and approved the reply; senior team contacted customer within 24 hours",Regulatory complaint logged with docket; admin-approved response by senior team.,meera,KB-032
TCK-10308,2026-10-03T10:10:10+05:30,2026-10-03T11:15:10+05:30,store,CUST-659392,Delhi,Slow speed,"Dear team, internet very slow since 2 days, pages taking forever to load. Please help.",broadband,broadband_slow_speed,medium,,neutral,incident,speed test|wifi|wired test,"Wired speed test was below 50% of plan | Checked FUP status, not exhausted; line profile in CRM was set to an old lower plan | Corrected the line profile and restarted the router | Speed test after fix matched plan speed",Slow speed: wired test showed WiFi limitation (moved to 5 GHz) or wrong line profile corrected.,meera,KB-004
TCK-10309,2026-10-03T10:12:39+05:30,2026-10-03T11:17:39+05:30,phone,CUST-414546,Pune,Weak wifi in rooms,"wifi range is poor, my tablet keeps losing connection in the kitchen",broadband,broadband_slow_speed,low,,frustrated,request,router placement|dead zone|range,"Home is a duplex of about 1800 sq ft | Offered mesh WiFi add-on, customer accepted | Mesh node installed upstairs, signal strong on both floors",Weak WiFi coverage fixed by router placement or mesh add-on.,meera,KB-006
TCK-10310,2026-10-03T10:18:08+05:30,2026-10-03T13:46:08+05:30,app,CUST-784793,Kochi,Forgot wifi password,"need help to change wifi name and password, router login page not opening",broadband,router_wifi_setup,low,,neutral,request,192.168.1.1|ssid|wifi password,"Guided customer to MyNet app > Router > WiFi settings | Customer changed WiFi name and password | Reconnected devices, advised changing router admin password too",WiFi name/password changed through the app or router admin page.,ravi,KB-007
TCK-10311,2026-10-03T10:22:55+05:30,2026-10-03T13:47:55+05:30,phone,CUST-988432,Pune,LOS red light on router,"Hi, Red light blinking on the router saying LOS, no internet at all since morning thank you",broadband,broadband_disconnection,high,,neutral,incident,no internet|field visit|red light,"Confirmed LOS light red, no area outage on dashboard | Asked customer to check the green fibre connector, it was firmly connected | Raised fibre fault ticket, technician found cut fibre near building entrance and spliced it | Internet restored, customer confirmed",Red LOS light: fibre cut repaired by field technician or loose patch cord reconnected.,ravi,KB-003
TCK-10312,2026-10-03T10:27:08+05:30,2026-10-03T15:43:08+05:30,app,CUST-158444,Kochi,box dead,set top box restarting again and again. thank you,dth,dth_signal_loss,medium,,neutral,incident,power adapter|boot loop|stb,"Power adapter faulty after surge | Raised box replacement under warranty, delivered next day",STB fixed by forced restart/software update or replaced under warranty.,meera,KB-024
TCK-10313,2026-10-03T10:43:56+05:30,2026-10-03T15:52:56+05:30,app,CUST-674122,Bengaluru,No service,"hi, sim showing no service, other people in the house have signal on the same network. thank you",mobile,mobile_network_coverage,high,,neutral,incident,no signal|network selection|sim,"Number active in CRM, no outage in area | Network selection was manual on another operator, set to automatic | Airplane mode toggle, service restored",No signal on a single SIM fixed by automatic network selection or SIM replacement.,ravi,KB-013
TCK-10314,2026-10-03T10:47:17+05:30,2026-10-03T15:51:17+05:30,phone,CUST-629903,Mumbai,internet drops every evening,"wifi disconnecting at night daily, between 7 in the evening and 11. during the day its perfect. whats going on?? please look into it urgetnly kya ho raha hai",broadband,broadband_disconnection,high,,frustrated,incident,5ghz|channel|evening,"Confirmed with customer that drops happen daily between 8 PM and 11 PM | Customer ran a wired speed test during the drop window, wired connection was stable so issue is on WiFi | Changed 2.4 GHz channel from auto to channel 11 via ACS and enabled 5 GHz band | Pushed latest router firmware and rebooted the router | Called back next evening, customer confirmed no drops","Evening drops caused by WiFi congestion / peak-hour load; channel changed, firmware updated, monitored.",meera,KB-002|KB-001
TCK-10315,2026-10-03T10:53:00+05:30,2026-10-03T16:46:00+05:30,phone,CUST-245473,Pune,internet down in entire area,"whole society in hinjewadi has no wifi since evening, any update?? please do the needful",broadband,service_outage,high,,frustrated,incident,etr|tower down|outage,"Outage dashboard showed active incident for the pincode (fibre cut due to metro work) | Tagged ticket to incident and shared ETR | Service restored, automatic pro-rata credit for downtime above 24 hours not applicable","Area outage due to feeder fibre cut; ticket tagged to incident, ETR shared, restored.",meera,KB-031|KB-003
TCK-10316,2026-10-03T10:53:01+05:30,2026-10-03T14:32:01+05:30,phone,CUST-415743,Kolkata,new connection delay,"hi Paid for a new broadband connection monday ago, still no tecnhician came pls fix asap",broadband,installation_relocation,medium,,frustrated,complaint,feasibility|technician|installation,"Order was stuck on technician scheduling | Apologised and booked the earliest slot next morning, marked order as priority | Installation completed next day",Installation delay resolved by priority rescheduling or completing building permission (NOC).,meera,KB-011
TCK-10317,2026-10-03T10:57:00+05:30,2026-10-03T16:12:00+05:30,phone,CUST-652874,Pune,area outage,"whole society in Hinjewadi has no wifi since evening, any update?? Fix it immediately or I will switch to another provider.",broadband,service_outage,high,,angry,incident,area down|tower down|outage,"Tagged to active incident, did not ask customer to reset equipment | Shared ETR and SMS updates | Restored after feeder fibre splice","Area outage due to feeder fibre cut; ticket tagged to incident, ETR shared, restored.",meera,KB-031|KB-003
TCK-10318,2026-10-03T10:58:18+05:30,2026-10-03T15:27:18+05:30,email,CUST-894139,Hyderabad,Data limit?,"Dear team, my internet is stuck at very low speed after the 20th, is there some data limit? Please help.",broadband,broadband_slow_speed,medium,,neutral,incident,top-up|speed reduced|data limit,"Checked usage in CRM, customer had crossed the FUP limit for the cycle | Explained reduced speed and reset date | Customer bought a 100 GB data top-up, speed restored within 15 minutes","Speed reduced due to FUP data limit; explained, top-up / plan upgrade offered, WiFi secured.",meera,KB-005
TCK-10319,2026-10-03T11:04:40+05:30,2026-10-03T12:40:40+05:30,app,CUST-242254,Kolkata,los red light on router,"router showing red LOS light and PON light off, completely dead since monday thank you",broadband,broadband_disconnection,high,,neutral,incident,los|fibre cut|ont,"Confirmed LOS light red, no area outage on dashboard | Asked customer to check the green fibre connector, it was firmly connected | Raised fibre fault ticket, technician found cut fibre near building entrance and spliced it | Internet restored, customer confirmed",Red LOS light: fibre cut repaired by field technician or loose patch cord reconnected.,ravi,KB-003
TCK-10320,2026-10-03T11:04:45+05:30,2026-10-03T11:45:45+05:30,phone,CUST-665427,Hyderabad,wifi disconnecting at night,Totally fed up with you people. My broadband drops every evening around 8 pm and comes back after 10-15 min. I work from home and my calls keep getting cut. Is anyone even responsible there?!!,broadband,broadband_disconnection,high,,angry,incident,evening|5ghz|peak hours,"Checked line test in CRM, no sync loss on the line | Node utilisation report showed the access node above 85% during peak hours | Raised capacity ticket with network team, customer moved to a less loaded port | Asked customer to use 5 GHz WiFi for laptop and TV | Monitored for 2 evenings, connection stable","Evening drops caused by WiFi congestion / peak-hour load; channel changed, firmware updated, monitored.",meera,KB-002|KB-001
TCK-10321,2026-10-03T11:07:00+05:30,2026-10-03T14:55:00+05:30,chat,CUST-357234,Pune,Area outage,"complete outage in our area, nobody's broadband is working kindly resolve soon",broadband,service_outage,high,,frustrated,incident,outage|area down|etr,"Outage dashboard showed active incident for the pincode (fibre cut due to metro work) | Tagged ticket to incident and shared ETR | Service restored, automatic pro-rata credit for downtime above 24 hours not applicable","Area outage due to feeder fibre cut; ticket tagged to incident, ETR shared, restored.",ravi,KB-031|KB-003
TCK-10322,2026-10-03T11:08:04+05:30,2026-10-03T13:16:04+05:30,app,CUST-596395,Bengaluru,Not getting plan speed,This is ridiculous. slow speed issue. youtube bufferig even at 480p Fix it immediately or I will switch to another provider!!,broadband,broadband_slow_speed,medium,,angry,incident,speed test|slow speed|wired test,"Asked customer to stop other downloads and run a wired speed test on laptop | Wired speed was 92% of plan, WiFi test from the bedroom was low | Explained 2.4 GHz vs 5 GHz and helped customer connect to the 5 GHz band | Customer confirmed better speed",Slow speed: wired test showed WiFi limitation (moved to 5 GHz) or wrong line profile corrected.,meera,KB-004
TCK-10323,2026-10-03T11:08:12+05:30,2026-10-03T14:00:12+05:30,email,CUST-789886,Kolkata,esim qr code,"Hello, how to get eSIM QR code. Thanks a lot!",mobile,sim_activation_porting,low,,positive,request,qr code|esim|activation,"Confirmed phone supports eSIM | Customer requested eSIM in MyNet app, verified OTP and verification call | QR code emailed, eSIM activated within 2 hours","eSIM issued via app request, OTP and verification call; QR emailed and activated.",meera,KB-019
TCK-10324,2026-10-03T11:10:00+05:30,2026-10-03T16:40:00+05:30,phone,CUST-694691,Pune,Whole building no internet,"Hi, whole society in Hinjewadi has no wifi since evening, any update?? please do the needful",broadband,service_outage,high,,frustrated,incident,etr|tower down|outage,"Tagged to active incident, did not ask customer to reset equipment | Shared ETR and SMS updates | Restored after feeder fibre splice","Area outage due to feeder fibre cut; ticket tagged to incident, ETR shared, restored.",meera,KB-031|KB-003
TCK-10325,2026-10-03T11:10:00+05:30,2026-10-03T13:16:00+05:30,email,CUST-225052,Pune,Internet down in entire area,"complete outage in our area, nobody's broadband is working. this is relly affecting my work",broadband,service_outage,high,,frustrated,incident,outage|fibre cut|tower down,"Outage dashboard showed active incident for the pincode (fibre cut due to metro work) | Tagged ticket to incident and shared ETR | Service restored, automatic pro-rata credit for downtime above 24 hours not applicable","Area outage due to feeder fibre cut; ticket tagged to incident, ETR shared, restored.",ravi,KB-031|KB-003
TCK-10326,2026-10-03T11:14:00+05:30,2026-10-03T15:05:00+05:30,phone,CUST-592718,Pune,Area outage,"Hello team, Entire buidling has no internet since 8, is there an outage in Hinjewadi?",broadband,service_outage,high,,frustrated,incident,tower down|multiple customers|outage,"Outage dashboard showed active incident for the pincode (fibre cut due to metro work) | Tagged ticket to incident and shared ETR | Service restored, automatic pro-rata credit for downtime above 24 hours not applicable","Area outage due to feeder fibre cut; ticket tagged to incident, ETR shared, restored.",meera,KB-031|KB-003
TCK-10327,2026-10-03T11:20:42+05:30,2026-10-03T15:40:42+05:30,phone,CUST-392559,Delhi,internet very slow,"Dear team, slow speed issue. youtube buffering even at 480p. thank you",broadband,broadband_slow_speed,medium,,neutral,incident,wifi|wired test|devices,"Wired speed test was below 50% of plan | Checked FUP status, not exhausted; line profile in CRM was set to an old lower plan | Corrected the line profile and restarted the router | Speed test after fix matched plan speed",Slow speed: wired test showed WiFi limitation (moved to 5 GHz) or wrong line profile corrected.,meera,KB-004
TCK-10328,2026-10-03T11:30:42+05:30,2026-10-03T16:36:42+05:30,chat,CUST-626236,Kolkata,Unauthorised SIM replacement,hi my sim stopped working suddenly and i got an sms about sim replacement which i never requested. now bank otps are going to someone else,mobile,fraud_account_security,critical,fraud,frustrated,incident,block sim|bank fraud|fraud,"Stopped pending port-out request | Blocked eSIM profile, escalated to fraud team as critical | New SIM issued after in-store verification, admin approved","SIM swap: number blocked immediately, bank/cyber crime advised, restoration after verification with admin approval.",ravi,KB-033
TCK-10329,2026-10-03T11:32:27+05:30,2026-10-03T13:32:27+05:30,phone,CUST-846722,Delhi,eSIM not working on new phone,"Hi, esim activation pending since morning. Appreciate the help.",mobile,sim_activation_porting,low,,positive,request,iphone|esim|new phone,"Confirmed phone supports eSIM | Customer requested eSIM in MyNet app, verified OTP and verification call | QR code emailed, eSIM activated within 2 hours","eSIM issued via app request, OTP and verification call; QR emailed and activated.",meera,KB-019
TCK-10330,2026-10-03T12:04:19+05:30,2026-10-03T12:43:19+05:30,chat,CUST-287677,Bengaluru,new sim not activated,"Dear team, new sim shows no service, store said 4 hours but its been a full day Let me know.",mobile,sim_activation_porting,medium,,neutral,incident,sim activation|verification|kyc,"KYC failed due to document mismatch | Asked customer to visit store with original ID, re-verification done | SIM activated same day",SIM activation completed after tele-verification or KYC re-verification at the store.,ravi,KB-018
TCK-10331,2026-10-03T12:15:06+05:30,2026-10-03T13:58:06+05:30,store,CUST-603660,Coimbatore,5g home router low signal,"5G home router speed cahnges a lot, mornnig 200 mbps evening 20. pls fix asap",broadband,router_wifi_setup,medium,,frustrated,incident,fwa|5g|airfiber,"Asked customer to move the 5G router near the window facing the tower using the app signal meter | Signal improved from 1 bar to 4 bars | Pushed firmware update, speed test 180 Mbps","5G home router issues fixed by better placement near window, SIM activation or firmware update.",meera,KB-010
TCK-10332,2026-10-03T12:40:40+05:30,2026-10-03T15:22:40+05:30,email,CUST-486547,Hyderabad,compensation demand,refund my insatllation money and pay for my wasted time. Pathetic service. kya ho raha hai,broadband,refund_compensation,critical,compensation,angry,complaint,goodwill|credit|refund,"Checked service history: 5 days downtime confirmed | Automatic pro-rata credit applied for downtime | Requested full month waiver sent for admin approval; admin approved half month waiver | Customer informed after approval, no amount promised before",Compensation above agent limit sent for admin approval; pro-rata credit plus approved waiver.,ravi,KB-034|KB-031
TCK-10333,2026-10-03T12:45:17+05:30,2026-10-03T17:03:17+05:30,phone,CUST-173201,Kochi,broadband unstable,"Good morning, Net is going on and off the whole day. not able to attend my online clases properly",broadband,broadband_disconnection,high,,neutral,incident,cables|router|power cycle,"Asked customer to note router lights during a drop, PON light stayed on and only internet light went off | Power cycled the router (30 seconds off) and re-seated the LAN and fibre patch cords | Re-provisioned router session from ACS | Monitored for 24 hours, no further drops","Random drops fixed by router power cycle / cable re-seat, or line fault repaired by field visit.",meera,KB-001
TCK-10334,2026-10-03T13:21:10+05:30,2026-10-03T15:38:10+05:30,email,CUST-870269,Bengaluru,service suspended,"Hi, my autopay mandate stopped working after my new card yaar",billing,billing_dispute,medium,,frustrated,complaint,auto debit|due date|mandate,"Mandate active and balance available, failure was on our side | Waived late fee and restored service",Late fee waived when autopay failed on our side; new mandate registered otherwise.,ravi,KB-029
TCK-10335,2026-10-03T13:26:48+05:30,2026-10-03T16:08:48+05:30,email,CUST-101655,Delhi,Legal notice,i have complained 4 times about my broadband. if it is not fixed by tomorrow i will send a legal notice through my lawyer. pathetic service.,broadband,legal_regulatory,critical,legal,angry,complaint,lawyer|ombudsman|trai,"Recorded customer's exact statement and any notice reference | Summarised full complaint history (5 previous tickets) for escalation team | Admin approved: priority senior technician visit and Rs 500 goodwill credit, no admission of liability | Senior team member called the customer within 24 hours",Legal threat escalated with full history; admin-approved resolution shared by senior team.,ravi,KB-032
TCK-10336,2026-10-03T13:28:04+05:30,2026-10-03T18:55:04+05:30,phone,CUST-486649,Pune,Repeated complaint not solved,"This is ridiculous. keeps dropping again, already had a technician visit on monday. very poor service Fix it immediately or I will switch to anotehr provider.",broadband,broadband_disconnection,high,,angry,problem,power cycle|disconnection|router,"Reviewed previous tickets, two closed without root cause | Line test showed high attenuation on the drop cable | Escalated to senior field team, drop cable replaced end to end | Router replaced as it was an end-of-life model | Monitored for 3 days and called customer, issue resolved","Repeat disconnection: escalated to senior field team, root cause found (cable/splitter) and fixed.",meera,KB-001|KB-002
TCK-10337,2026-10-03T13:28:40+05:30,2026-10-03T15:31:40+05:30,app,CUST-971598,Kochi,plan changed without permission,"my plan was changed without my permission, now i'm paying more. totally unacceptable!!",billing,plan_change,medium,,angry,complaint,upgrade|lock-in|plan change,Plan change was done by a retention campaign without recorded consent | Restored old plan and raised billing correction for the difference,Unconsented plan change reverted and the difference corrected.,ravi,KB-030|KB-027
TCK-10338,2026-10-03T13:29:43+05:30,2026-10-03T16:22:43+05:30,phone,CUST-817555,Kochi,bill amount too high,this is ridiculous. why is there a caller tune charge on my bill? never activated it. totally unacceptable!!,billing,billing_dispute,medium,,angry,complaint,billing correction|bill|wrong charges,"Caller tune VAS activated without request | Deactivated VAS and raised billing correction of Rs 180 | Kept disputed amount on hold, shared dispute ID",Bill explained (pro-rata) or unrequested VAS removed and corrected within agent limit.,meera,KB-027
TCK-10339,2026-10-03T13:29:56+05:30,2026-10-03T19:05:56+05:30,app,CUST-722650,Kolkata,4G speed very low,"Sir, data speed super slow after afternoon every day please look into it urgently",mobile,mobile_data_issue,medium,,frustrated,incident,congestion|4g|network mode,"Network mode was 3G only, set to 5G/4G auto | Speed test 85 Mbps after change",Slow mobile data due to daily quota or wrong network mode; booster offered or mode fixed.,ravi,KB-017
TCK-10340,2026-10-03T13:36:38+05:30,2026-10-03T19:17:38+05:30,email,CUST-736565,Mumbai,No internet - red light,"Hello team, Red light blinking on the router saying LOS, no internet at all snice morning. this is really affecting my work",broadband,broadband_disconnection,high,,frustrated,incident,field visit|los|fibre cut,"Confirmed LOS light red, no area outage on dashboard | Asked customer to check the green fibre connector, it was firmly connected | Raised fibre fault ticket, technician found cut fibre near building entrance and spliced it | Internet restored, customer confirmed",Red LOS light: fibre cut repaired by field technician or loose patch cord reconnected.,meera,KB-003
TCK-10341,2026-10-03T13:44:11+05:30,2026-10-03T14:15:11+05:30,chat,CUST-364132,Bengaluru,MNP rejected,"Hello, Porting my number to your network, its been 5 days and stil not done. Thanks.",mobile,sim_activation_porting,medium,,neutral,complaint,mnp|number transfer|upc code,"Port-in pending beyond timeline, escalated to MNP desk | Donor operator cleared the request | Number active on our network next day",Porting delay fixed by fresh UPC resubmission or escalation to the MNP desk.,ravi,KB-020
TCK-10342,2026-10-03T13:51:49+05:30,2026-10-03T18:27:49+05:30,phone,CUST-964446,Pune,Recharge done but no channels,"Hello, Recharged DTH but channels still not showing, says not subscribed. thank you",dth,dth_channels_recharge,low,,neutral,incident,refresh|not subscribed|activation,"Recharge went to a different customer ID | Raised recharge transfer request, completed within 24 hours",Missing channels restored with refresh command or recharge transferred to correct ID.,meera,KB-025
TCK-10343,2026-10-03T13:53:32+05:30,2026-10-03T14:26:32+05:30,phone,CUST-725905,Pune,internet very slow,Worst service ever. slow speed issue. youtube buffering even at 480p I want this fixed TODAY.,broadband,broadband_slow_speed,medium,,angry,incident,wired test|slow speed|lan,"Wired speed test was below 50% of plan | Checked FUP status, not exhausted; line profile in CRM was set to an old lower plan | Corrected the line profile and restarted the router | Speed test after fix matched plan speed",Slow speed: wired test showed WiFi limitation (moved to 5 GHz) or wrong line profile corrected.,ravi,KB-004
TCK-10344,2026-10-03T13:57:10+05:30,2026-10-03T19:47:10+05:30,phone,CUST-593090,Mumbai,add channel pack,"Hello, what is NCF charge in my DTH bill Thanks a lot! bhai please check",dth,dth_channels_recharge,low,,positive,request,channel pack|add channel|a-la-carte,"Removed two packs, explained pro-rata credit | Explained base pack channels cannot be removed individually",Channel packs added/removed; NCF and pro-rata credit explained.,meera,KB-026
TCK-10345,2026-10-03T13:58:01+05:30,2026-10-03T17:06:01+05:30,chat,CUST-890795,Mumbai,charged for roaming,"Sir, Charged for roaming data whie on the flight??",mobile,roaming,medium,,frustrated,complaint,roaming charges|ir pack|data roaming,Pulled roaming usage records | Usage happened after pack expiry on the last day | Explained charges; customer accepted,Roaming charges explained from usage records or corrected when billed in error.,ravi,KB-022
TCK-10346,2026-10-03T13:58:22+05:30,2026-10-03T16:24:22+05:30,store,CUST-678888,Chennai,Delete my data,"Someone is calling me with my plan details, my data has been leaked by your company. Is anyone even responsbile there?",mobile,legal_regulatory,critical,privacy,angry,request,personal data|spam calls|delete my data,"Verified identity, logged deletion request with exact wording for privacy team | Admin approved standard acknowledgement; privacy team confirmed timeline",Privacy request verified and routed to privacy team after admin approval; no third-party data shared.,ravi,KB-035
TCK-10347,2026-10-03T14:10:11+05:30,2026-10-03T18:05:11+05:30,email,CUST-345369,Kochi,Repeated complaint not solved,"i have raised complaints five times for frequent disconnection, still no permanent fix. ticket keeps getting closed without solving please do the needful",broadband,broadband_disconnection,high,,frustrated,problem,router|cables|power cycle,"Reviewed complaint history and apologised for repeat issue | Pushed firmware update, changed WiFi channel, and scheduled a senior technician visit | Technician found loose connector at the splitter and fixed it | Applied automatic pro-rata credit for the downtime","Repeat disconnection: escalated to senior field team, root cause found (cable/splitter) and fixed.",meera,KB-001|KB-002
TCK-10348,2026-10-03T14:17:43+05:30,2026-10-03T19:27:43+05:30,chat,CUST-705711,Kolkata,calls cutting,"Good morning, very poor signal in the office building, only 1 bar, calls cut after 1 min",mobile,mobile_network_coverage,medium,,neutral,incident,indoor coverage|vowifi|wifi calling,Logged coverage feedback for the address with the planning team | Enabled VoLTE and updated phone software | Explained VoWiFi as interim fix,Indoor call drops handled with VoWiFi/VoLTE and coverage feedback to the planning team.,meera,KB-014
TCK-10349,2026-10-03T14:22:39+05:30,2026-10-03T15:44:39+05:30,phone,CUST-838793,Kochi,Relocation request,"Dear team, Need to relocate my connection to Edappally, what are the chages Let me know.",broadband,installation_relocation,low,,neutral,request,transfer|relocation|shifting charges,"Shifting visit was missed, rebooked for next day | Paused billing for the days without service | Connection shifted and re-provisioned",Connection shifted to the new address after feasibility; charges waived/billing paused where applicable.,ravi,KB-012
TCK-10350,2026-10-03T14:33:45+05:30,2026-10-03T18:12:45+05:30,phone,CUST-906519,Kolkata,Slow 5G speed,"Hi, mobile data is crawling, videos not loadnig",mobile,mobile_data_issue,medium,,neutral,incident,5g|4g|congestion,"Daily high-speed data used up by afternoon, speed reduced to 64 kbps | Explained and offered booster pack",Slow mobile data due to daily quota or wrong network mode; booster offered or mode fixed.,ravi,KB-017
TCK-10351,2026-10-03T15:03:13+05:30,2026-10-03T19:36:13+05:30,phone,CUST-679077,Pune,Frequent disconnection,"hi, broadband connection unstable since monday, drops for a few minutes then comes back. pls check please help.",broadband,broadband_disconnection,high,,neutral,incident,disconnection|router|power cycle,"Asked customer to note router lights during a drop, PON light stayed on and only internet light went off | Power cycled the router (30 seconds off) and re-seated the LAN and fibre patch cords | Re-provisioned router session from ACS | Monitored for 24 hours, no further drops","Random drops fixed by router power cycle / cable re-seat, or line fault repaired by field visit.",meera,KB-001
TCK-10352,2026-10-03T15:05:51+05:30,2026-10-03T20:11:51+05:30,phone,CUST-310743,Delhi,Not getting plan speed,"Speed is terrible, downloads crawling at few hundred KB/s. Plan is 200 mbps. Pathetic service.",broadband,broadband_slow_speed,medium,,angry,incident,wired test|speed test|wifi,"Wired speed test was below 50% of plan | Checked FUP status, not exhausted; line profile in CRM was set to an old lower plan | Corrected the line profile and restarted the router | Speed test after fix matched plan speed",Slow speed: wired test showed WiFi limitation (moved to 5 GHz) or wrong line profile corrected.,ravi,KB-004
TCK-10353,2026-10-03T15:06:13+05:30,2026-10-03T15:43:13+05:30,chat,CUST-685193,Chennai,no network on sim,"Hi, not able to call or sms, network completely gone on my number Let me know.",mobile,mobile_network_coverage,high,,neutral,incident,emergency calls only|no signal|sim,"SIM did not work in another phone either | Issued free SIM replacement at the nearest store | New SIM activated in 2 hours, service restored",No signal on a single SIM fixed by automatic network selection or SIM replacement.,meera,KB-013
TCK-10354,2026-10-03T15:24:21+05:30,2026-10-03T20:14:21+05:30,phone,CUST-671971,Kochi,Not getting plan speed,"hi, slow speed issue. youtube bufefring even at 480p. please do the needful",broadband,broadband_slow_speed,medium,,frustrated,incident,slow speed|lan|devices,"Wired speed test was below 50% of plan | Checked FUP status, not exhausted; line profile in CRM was set to an old lower plan | Corrected the line profile and restarted the router | Speed test after fix matched plan speed",Slow speed: wired test showed WiFi limitation (moved to 5 GHz) or wrong line profile corrected.,meera,KB-004
TCK-10355,2026-10-03T15:32:59+05:30,2026-10-03T19:01:59+05:30,store,CUST-146448,Coimbatore,wifi name change,"Hi, pls tell me the steps to reset wifi password from mobile thanks in advance :)",broadband,router_wifi_setup,low,,positive,request,wifi password|ssid|router login,"Guided customer to MyNet app > Router > WiFi settings | Customer changed WiFi name and password | Reconnected devices, advised changing router admin password too",WiFi name/password changed through the app or router admin page.,ravi,KB-007
TCK-10356,2026-10-03T15:34:43+05:30,2026-10-03T16:39:43+05:30,app,CUST-939333,Kochi,Air fiber device issue,"Dear team, 5G air fiber device showing 4G only, keeps restarting at night. Let me know.",broadband,router_wifi_setup,medium,,neutral,incident,signal bars|placement|5g,"SIM activation was still pending in CRM, completed activation | Customer re-seated SIM and restarted router | Router connected on 5G","5G home router issues fixed by better placement near window, SIM activation or firmware update.",ravi,KB-010
TCK-10357,2026-10-03T15:46:17+05:30,2026-10-03T17:44:17+05:30,email,CUST-730973,Delhi,Compensation demand,"This is ridiculous. My internet was down for 5 days, I want a full month refund Totally unacceptable!!",broadband,refund_compensation,critical,compensation,angry,complaint,waiver|approval limit|credit,Business loss compensation is outside policy | Admin reviewed and approved one month rental waiver as goodwill,Compensation above agent limit sent for admin approval; pro-rata credit plus approved waiver.,ravi,KB-034|KB-031
TCK-10358,2026-10-03T15:52:55+05:30,2026-10-03T20:33:55+05:30,chat,CUST-321791,Kochi,No network on SIM,"not able to call or sms, network completely gone on my number. Totally unacceptable!!",mobile,mobile_network_coverage,high,,angry,incident,sim|no service|no signal,"Number active in CRM, no outage in area | Network selection was manual on another operator, set to automatic | Airplane mode toggle, service restored",No signal on a single SIM fixed by automatic network selection or SIM replacement.,ravi,KB-013
TCK-10359,2026-10-03T16:12:51+05:30,2026-10-03T22:08:51+05:30,app,CUST-807160,Mumbai,speed reduced suddenly,"Getting exactly 5 Mbps for the last 3 days, looks like it is capped kindly resolve soon",broadband,broadband_slow_speed,medium,,frustrated,incident,data limit|fup|speed reduced,"Usage report showed FUP exhausted, customer disputed the usage | Shared day-wise usage report, found unknown devices on WiFi | Helped customer change WiFi password | Suggested upgrading to a higher FUP plan, customer agreed to upgrade from next cycle","Speed reduced due to FUP data limit; explained, top-up / plan upgrade offered, WiFi secured.",meera,KB-005
TCK-10360,2026-10-03T16:15:17+05:30,2026-10-03T18:59:17+05:30,phone,CUST-840734,Pune,frequent disconnection,"Hello, Internet getting disconnected many times a day, router lights blinking. Already restarted twice. Thanks.",broadband,broadband_disconnection,high,,neutral,incident,power cycle|disconnection|cables,"Line test in CRM showed repeated sync loss | Raised line fault ticket, field technician replaced damaged patch cord at the building box | Customer confirmed stable connection after the visit","Random drops fixed by router power cycle / cable re-seat, or line fault repaired by field visit.",meera,KB-001
TCK-10361,2026-10-03T16:21:50+05:30,2026-10-03T21:04:50+05:30,store,CUST-796781,Mumbai,Recharge failed money deducted,"Worst service ever. payment of Rs 4,700 deducted, not reflected in account yet. Pathetic service.",billing,billing_dispute,medium,,angry,incident,upi|recharge failed|money deducted,"Second payment was a duplicate | Marked duplicate for refund, 5-7 working days to source account | Shared refund reference",Payment posted manually from console or duplicate debit refunded to source.,ravi,KB-028
TCK-10362,2026-10-03T16:28:22+05:30,2026-10-03T21:19:22+05:30,chat,CUST-986304,Pune,Unauthorised SIM replacement,"got a message that my esim was atcivated on a new device, i didn't do it!! pleae block it",mobile,fraud_account_security,critical,fraud,frustrated,incident,unauthorised|bank fraud|sim swap,"Verified caller with security questions | Immediately blocked the SIM and suspended outgoing services | Advised customer to inform bank and report on cyber crime helpline 1930 | Admin approved restoration after in-store verification with original ID, fraud team investigating","SIM swap: number blocked immediately, bank/cyber crime advised, restoration after verification with admin approval.",ravi,KB-033
TCK-10363,2026-10-03T16:39:44+05:30,2026-10-03T22:14:44+05:30,phone,CUST-478458,Delhi,Mobile data not working,"dear team, mobile data not working, calls fine. shows 4g but nothing opens",mobile,mobile_data_issue,medium,,neutral,incident,mobile data|apn|4g,Data balance available | Reset APN to default (mynet) and restarted phone | Data working,Mobile data restored via APN reset or explained exhausted daily quota with booster.,ravi,KB-016
TCK-10364,2026-10-03T16:40:00+05:30,2026-10-03T22:35:00+05:30,app,CUST-598598,Kochi,weak wifi in rooms,"Good morning, WiFi signal very weak in the bedroom, only works near the hall where the router is Thanks.",broadband,broadband_slow_speed,low,,neutral,request,dead zone|wifi coverage|range,"Home is a duplex of about 1800 sq ft | Offered mesh WiFi add-on, customer accepted | Mesh node installed upstairs, signal strong on both floors",Weak WiFi coverage fixed by router placement or mesh add-on.,ravi,KB-006
TCK-10365,2026-10-03T17:47:02+05:30,2026-10-03T19:49:02+05:30,email,CUST-408721,Coimbatore,mobile data slow,Totally fed up with you people. data speed super slow after afternoon every day Fix it immediately or I will switch to another provider!!,mobile,mobile_data_issue,medium,,angry,incident,network mode|congestion|4g,"Network mode was 3G only, set to 5G/4G auto | Speed test 85 Mbps after change",Slow mobile data due to daily quota or wrong network mode; booster offered or mode fixed.,ravi,KB-017
TCK-10366,2026-10-03T17:49:25+05:30,2026-10-03T22:24:25+05:30,phone,CUST-838747,Kolkata,Double debit,"Totally fed up with you people. paymetn of Rs 4,700 deducted, not reflected in account yet Fix it immediately or I will switch to another provider.",billing,billing_dispute,medium,,angry,incident,money deducted|recharge failed|refund,"Second payment was a duplicate | Marked duplicate for refund, 5-7 working days to source account | Shared refund reference",Payment posted manually from console or duplicate debit refunded to source.,ravi,KB-028
TCK-10367,2026-10-03T17:51:20+05:30,2026-10-03T20:21:20+05:30,phone,CUST-777844,Kochi,Recharge failed money deducted,"charged twice for the same bill payment, please refund. Is anyone even responsible there?",billing,billing_dispute,medium,,angry,incident,double debit|money deducted|upi,"Second payment was a duplicate | Marked duplicate for refund, 5-7 working days to source account | Shared refund reference",Payment posted manually from console or duplicate debit refunded to source.,meera,KB-028
TCK-10368,2026-10-03T18:01:07+05:30,2026-10-03T21:31:07+05:30,phone,CUST-491330,Chennai,TV picture breaking,"Dear team, picture freezing and beraking on all channels. Let me know.",dth,dth_signal_loss,medium,,neutral,incident,rain fade|cable|lnb,"Signal strength 20% in settings menu | Raised dish alignment request, technician realigned the dish | Signal strength 78%, all channels working",DTH no signal from rain fade (temporary) or dish misalignment fixed by technician.,ravi,KB-023
TCK-10369,2026-10-03T18:04:06+05:30,2026-10-03T22:30:06+05:30,chat,CUST-417201,Delhi,Recharge done but no channels,"Hello team, Recharged DTH but channels still not showing, says not subscribed",dth,dth_channels_recharge,low,,frustrated,incident,activation|recharge|refresh,"Recharge went to a different customer ID | Raised recharge transfer request, completed within 24 hours",Missing channels restored with refresh command or recharge transferred to correct ID.,meera,KB-025
TCK-10370,2026-10-03T18:05:14+05:30,2026-10-03T19:37:14+05:30,phone,CUST-517885,Kolkata,4G not working,"Dear team, Data is on but whatapp not connecting, already restarted",mobile,mobile_data_issue,medium,,neutral,incident,mobile data|4g|data balance,Daily data quota was exhausted | Explained reset time and customer bought a 2 GB booster | Data working immediately,Mobile data restored via APN reset or explained exhausted daily quota with booster.,ravi,KB-016
TCK-10371,2026-10-03T18:18:12+05:30,2026-10-03T22:13:12+05:30,app,CUST-566885,Hyderabad,Charged for roaming,"This is ridiculous. Got a bill of Rs 1,999 for roaming even though I had a pack. Is anyone even responsible there?",mobile,roaming,medium,,angry,complaint,ir pack|data roaming|dispute,"Pack was active and usage within limits, system error | Raised billing correction of Rs 1,450 (within agent limit) | Correction reflects in next bill",Roaming charges explained from usage records or corrected when billed in error.,ravi,KB-022
TCK-10372,2026-10-03T18:19:50+05:30,2026-10-03T19:30:50+05:30,app,CUST-483629,Delhi,los red light on router,"Dear team, Red light blinking on the router saying LOS, no internet at all since morning Let me know.",broadband,broadband_disconnection,high,,neutral,incident,fibre cut|ont|red light,"Checked outage dashboard, no active incident | Customer found the fibre patch cord pulled out behind the router and reconnected it | LOS light turned off, PON green, internet working",Red LOS light: fibre cut repaired by field technician or loose patch cord reconnected.,meera,KB-003
TCK-10373,2026-10-03T18:20:38+05:30,2026-10-03T19:37:38+05:30,email,CUST-649525,Bengaluru,3rd complaint - still disconnecting,"Totally fed up with you people. I have raised complaints five times for frequent disconnection, still no permanent fix. ticket keeps getting closed without solving. Totally unacceptable!!",broadband,broadband_disconnection,high,,angry,problem,disconnection|router|los light,"Reviewed complaint history and apologised for repeat issue | Pushed firmware update, changed WiFi channel, and scheduled a senior technician visit | Technician found loose connector at the splitter and fixed it | Applied automatic pro-rata credit for the downtime","Repeat disconnection: escalated to senior field team, root cause found (cable/splitter) and fixed.",meera,KB-001|KB-002
TCK-10374,2026-10-03T18:23:20+05:30,2026-10-03T23:59:00+05:30,chat,CUST-285320,Mumbai,compensation demand,"This is ridiculous. Waive my entire bill this month, your service was down most of the time. Fix it immediately or I will switch to another provider!!",broadband,refund_compensation,critical,compensation,angry,complaint,waiver|compensation|goodwill,Business loss compensation is outside policy | Admin reviewed and approved one month rental waiver as goodwill,Compensation above agent limit sent for admin approval; pro-rata credit plus approved waiver.,meera,KB-034|KB-031
TCK-10375,2026-10-03T18:28:20+05:30,2026-10-03T21:38:20+05:30,phone,CUST-908323,Bengaluru,remove channels,how to remove some channels to reduce my montlhy bill. Thanks.,dth,dth_channels_recharge,low,,neutral,request,channel pack|ncf|a-la-carte,"Showed current pack and monthly amount with NCF | Added requested pack from CRM, active in 15 minutes",Channel packs added/removed; NCF and pro-rata credit explained.,meera,KB-026
TCK-10376,2026-10-03T18:31:29+05:30,2026-10-03T23:35:29+05:30,phone,CUST-957730,Mumbai,Weak wifi in rooms,"Hi, Wifi range is poor, my tablet keeps losing connection in the kitchen. Thanks. jaldi karo please",broadband,broadband_slow_speed,low,,neutral,request,mesh|wifi coverage|range,"Home is a duplex of about 1800 sq ft | Offered mesh WiFi add-on, customer accepted | Mesh node installed upstairs, signal strong on both floors",Weak WiFi coverage fixed by router placement or mesh add-on.,meera,KB-006
TCK-10377,2026-10-03T18:31:34+05:30,2026-10-03T19:24:34+05:30,app,CUST-580636,Bengaluru,International roaming,"hi travelling to dubai tomorrow, need international roaming activated. please look into it urgently",mobile,roaming,medium,,frustrated,request,international roaming|ir pack|activation,"IR active, data roaming was off in phone settings | Customer enabled data roaming and selected partner network manually | Network working",International roaming activated with a country pack; data roaming enabled on the phone.,ravi,KB-021
TCK-10378,2026-10-03T18:33:20+05:30,2026-10-03T21:13:20+05:30,phone,CUST-109767,Delhi,wifi disconnecting at night,"Sir, wifi disconnecting at night daily, between 9pm and 11. durnig the day its perfect. whats going on?? please look into it urgently",broadband,broadband_disconnection,high,,frustrated,incident,peak hours|wifi congestion|channel,"Checked line test in CRM, no sync loss on the line | Node utilisation report showed the access node above 85% during peak hours | Raised capacity ticket with network team, customer moved to a less loaded port | Asked customer to use 5 GHz WiFi for laptop and TV | Monitored for 2 evenings, connection stable","Evening drops caused by WiFi congestion / peak-hour load; channel changed, firmware updated, monitored.",ravi,KB-002|KB-001
TCK-10379,2026-10-03T18:34:19+05:30,2026-10-03T19:44:19+05:30,phone,CUST-100096,Coimbatore,network issue after travel,"In Kolkata for work, data not working at all. please do the needful",mobile,mobile_network_coverage,medium,,frustrated,incident,network selection|other state|national roaming,"Reset APN to default | Refreshed subscriber profile from CRM | Customer restarted the phone, data and calls working","National roaming data fixed by enabling data roaming, automatic network and profile refresh.",meera,KB-015
TCK-10380,2026-10-03T18:36:36+05:30,2026-10-03T19:03:36+05:30,chat,CUST-980919,Kolkata,No service,"This is ridiculous. SIM showing no service, other people in the hosue have signal on the same network Totally unacceptable!!",mobile,mobile_network_coverage,high,,angry,incident,no service|network selection|emergency calls only,"SIM did not work in another phone either | Issued free SIM replacement at the nearest store | New SIM activated in 2 hours, service restored",No signal on a single SIM fixed by automatic network selection or SIM replacement.,ravi,KB-013
TCK-10381,2026-10-03T18:39:49+05:30,2026-10-03T23:57:49+05:30,email,CUST-824042,Hyderabad,Not getting plan speed,"internet very slow since last week, pages taking forever to load Let me know.",broadband,broadband_slow_speed,medium,,neutral,incident,speed test|slow speed|lan,"Asked customer to stop other downloads and run a wired speed test on laptop | Wired speed was 92% of plan, WiFi test from the bedroom was low | Explained 2.4 GHz vs 5 GHz and helped customer connect to the 5 GHz band | Customer confirmed better speed",Slow speed: wired test showed WiFi limitation (moved to 5 GHz) or wrong line profile corrected.,ravi,KB-004
TCK-10382,2026-10-03T18:41:34+05:30,2026-10-03T23:27:34+05:30,phone,CUST-275715,Delhi,roaming in india not working,"Good morning, No network since I reached Hyderabad yesterday",mobile,mobile_network_coverage,medium,,neutral,incident,data roaming|travel|national roaming,"Reset APN to default | Refreshed subscriber profile from CRM | Customer restarted the phone, data and calls working","National roaming data fixed by enabling data roaming, automatic network and profile refresh.",ravi,KB-015
TCK-10383,2026-10-03T18:47:33+05:30,2026-10-03T22:52:33+05:30,email,CUST-483010,Chennai,Mobile data not working,"Hi, internet not working on my phone since moning even though I have balance. kindly resolve soon",mobile,mobile_data_issue,medium,,frustrated,incident,data balance|5g|mobile data,Daily data quota was exhausted | Explained reset time and customer bought a 2 GB booster | Data working immediately,Mobile data restored via APN reset or explained exhausted daily quota with booster.,meera,KB-016
TCK-10384,2026-10-03T18:48:33+05:30,2026-10-03T21:44:33+05:30,phone,CUST-387636,Chennai,Frequent disconnection,"My laptop keeps losing internet, the router internet light goes off randomly throughout the day. Is anyone even responsible there?!! bhai please check",broadband,broadband_disconnection,high,,angry,incident,power cycle|router|cables,"Asked customer to note router lights during a drop, PON light stayed on and only internet light went off | Power cycled the router (30 seconds off) and re-seated the LAN and fibre patch cords | Re-provisioned router session from ACS | Monitored for 24 hours, no further drops","Random drops fixed by router power cycle / cable re-seat, or line fault repaired by field visit.",meera,KB-001
TCK-10385,2026-10-03T18:52:09+05:30,2026-10-03T22:27:09+05:30,app,CUST-331854,Coimbatore,no signal on tv,"DTH error E48-32 on screen, no channels please look into it urgently",dth,dth_signal_loss,medium,,frustrated,incident,cable|lnb|dish,"Signal strength 20% in settings menu | Raised dish alignment request, technician realigned the dish | Signal strength 78%, all channels working",DTH no signal from rain fade (temporary) or dish misalignment fixed by technician.,ravi,KB-023
TCK-10386,2026-10-03T18:54:34+05:30,2026-10-03T19:46:34+05:30,email,CUST-929420,Delhi,service suspended,Totally fed up with you people. Auto debit failed and my services got suspended. Fix it immediately or I will switch to another provider.,billing,billing_dispute,medium,,angry,complaint,auto debit|mandate|autopay,Mandate expired after card replacement | Helped customer register new mandate in the app | Gave one-time late fee waiver as goodwill,Late fee waived when autopay failed on our side; new mandate registered otherwise.,ravi,KB-029
TCK-10387,2026-10-03T18:59:02+05:30,2026-10-03T22:38:02+05:30,chat,CUST-445200,Delhi,sim activation pending,"sir, got kyc verification failed message, what to do. this is really affecting my work",mobile,sim_activation_porting,medium,,frustrated,incident,replacement sim|sim activation|kyc,Tele-verification was pending | Asked customer to call verification number from new SIM and confirm details | SIM activated within 30 minutes,SIM activation completed after tele-verification or KYC re-verification at the store.,ravi,KB-018
TCK-10388,2026-10-03T19:03:33+05:30,2026-10-03T21:31:33+05:30,phone,CUST-764721,Kochi,STB stuck on logo,box went dead after the poer cut. this is really affecting my work,dth,dth_signal_loss,medium,,frustrated,incident,not starting|boot loop|stb,"Held power button 10 seconds, box downloaded software update | Box started normally after 15 minutes",STB fixed by forced restart/software update or replaced under warranty.,ravi,KB-024
TCK-10389,2026-10-03T19:03:44+05:30,2026-10-03T22:06:44+05:30,chat,CUST-367946,Coimbatore,recharge done but no channels,"Hi, Sports channels missing after recharge pls fix asap",dth,dth_channels_recharge,low,,frustrated,incident,recharge|channels missing|refresh,"Recharge went to a different customer ID | Raised recharge transfer request, completed within 24 hours",Missing channels restored with refresh command or recharge transferred to correct ID.,meera,KB-025
TCK-10390,2026-10-03T19:04:58+05:30,2026-10-03T23:59:00+05:30,phone,CUST-851742,Coimbatore,speed reduced suddenly,"Sir, Speed suddenly became 2 mbps since yesterday, earlier it was fine. end of month this always happens. this is really affecting my work",broadband,broadband_slow_speed,medium,,frustrated,incident,data limit|speed reduced|top-up,"Checked usage in CRM, customer had crossed the FUP limit for the cycle | Explained reduced speed and reset date | Customer bought a 100 GB data top-up, speed restored within 15 minutes","Speed reduced due to FUP data limit; explained, top-up / plan upgrade offered, WiFi secured.",meera,KB-005
TCK-10391,2026-10-03T19:09:16+05:30,2026-10-03T23:59:00+05:30,chat,CUST-516983,Pune,Final warning,Totally fed up with you people. I am filing a case in consumer court against your company for harssment over wrong bills. Fix it immediately or I will switch to another provider.,broadband,legal_regulatory,critical,legal,angry,complaint,legal notice|escalation|lawyer,"Recorded customer's exact statement and any notice reference | Summarised full complaint history (5 previous tickets) for escalation team | Admin approved: priority senior technician visit and Rs 500 goodwill credit, no admission of liability | Senior team member called the customer within 24 hours",Legal threat escalated with full history; admin-approved resolution shared by senior team.,meera,KB-032
TCK-10392,2026-10-03T19:16:24+05:30,2026-10-03T22:53:24+05:30,phone,CUST-298837,Kochi,Final warning,My advocate is drafting a legal notice for the repeated overcharging Fix it immediately or I will switch to another provider.,broadband,legal_regulatory,critical,legal,angry,complaint,legal notice|trai|consumer court,"Did not argue or discourage the customer, no promises made | Escalated as critical legal case with complete history | Admin approved billing correction after review, shared with customer by senior team",Legal threat escalated with full history; admin-approved resolution shared by senior team.,meera,KB-032
TCK-10393,2026-10-03T19:18:08+05:30,2026-10-03T23:59:00+05:30,phone,CUST-693868,Kolkata,No network on SIM,"totally fed up with you people. my phone shows emergency calls only since morning, cannot make any calls totally unacceptable!!",mobile,mobile_network_coverage,high,,angry,incident,no service|network selection|emergency calls only,"Number active in CRM, no outage in area | Network selection was manual on another operator, set to automatic | Airplane mode toggle, service restored",No signal on a single SIM fixed by automatic network selection or SIM replacement.,meera,KB-013
TCK-10394,2026-10-03T19:21:54+05:30,2026-10-03T23:59:00+05:30,phone,CUST-669928,Mumbai,compensation demand,This is ridiculous. I want compensation of Rs 5000 for the loss of business due to your outage. Is ayone even responsible there?!!,broadband,refund_compensation,critical,compensation,angry,complaint,refund|waiver|goodwill,Business loss compensation is outside policy | Admin reviewed and approved one month rental waiver as goodwill,Compensation above agent limit sent for admin approval; pro-rata credit plus approved waiver.,ravi,KB-034|KB-031
TCK-10395,2026-10-03T19:26:22+05:30,2026-10-03T23:59:00+05:30,phone,CUST-700687,Mumbai,Port request stuck,"hi, my mnp request is stuck, old operator says there are no dues thank you",mobile,sim_activation_porting,medium,,neutral,complaint,number transfer|upc code|mnp,"Port-in pending beyond timeline, escalated to MNP desk | Donor operator cleared the request | Number active on our network next day",Porting delay fixed by fresh UPC resubmission or escalation to the MNP desk.,meera,KB-020
TCK-10396,2026-10-03T19:31:58+05:30,2026-10-03T23:51:58+05:30,phone,CUST-177449,Kochi,No internet - red light,"Hello team, No internet. The LOS light is red on the fibre box. Construction work going on in our street plesae do the needful",broadband,broadband_disconnection,high,,frustrated,incident,field visit|los|ont,"Checked outage dashboard, no active incident | Customer found the fibre patch cord pulled out behind the router and reconnected it | LOS light turned off, PON green, internet working",Red LOS light: fibre cut repaired by field technician or loose patch cord reconnected.,ravi,KB-003
TCK-10397,2026-10-03T19:32:23+05:30,2026-10-03T21:46:23+05:30,chat,CUST-985447,Pune,3rd complaint - still disconnecting,"same disconnection problem again after the engineer visit, nobody is taking responsibility is anyone even responsible there?",broadband,broadband_disconnection,high,,angry,problem,cables|router|disconnection,"Reviewed complaint history and apologised for repeat issue | Pushed firmware update, changed WiFi channel, and scheduled a senior technician visit | Technician found loose connector at the splitter and fixed it | Applied automatic pro-rata credit for the downtime","Repeat disconnection: escalated to senior field team, root cause found (cable/splitter) and fixed.",ravi,KB-001|KB-002
TCK-10398,2026-10-03T19:43:34+05:30,2026-10-03T21:35:34+05:30,app,CUST-899977,Coimbatore,Installation pending,"new connection not instaled yet, says feasibility pending. what is this I want this fixed TODAY.",broadband,installation_relocation,medium,,angry,complaint,technician|new connection|installation,"Order was stuck on technician scheduling | Apologised and booked the earliest slot next morning, marked order as priority | Installation completed next day",Installation delay resolved by priority rescheduling or completing building permission (NOC).,meera,KB-011
TCK-10399,2026-10-03T19:44:43+05:30,2026-10-03T21:18:43+05:30,phone,CUST-319393,Chennai,Unknown charges,"Hello team, Unknwn charges in the bill this month, please explain",billing,billing_dispute,medium,,frustrated,complaint,wrong charges|bill|billing correction,"Walked customer through bill: pro-rata charge from plan upgrade mid cycle | Customer understood, no correction needed",Bill explained (pro-rata) or unrequested VAS removed and corrected within agent limit.,meera,KB-027
TCK-10400,2026-10-03T19:49:31+05:30,2026-10-03T23:59:00+05:30,phone,CUST-551313,Pune,box dead,"Hi, STB stuck on the logo screen and keeps restarting kya ho raha hai",dth,dth_signal_loss,medium,,neutral,incident,power adapter|not starting|boot loop,"Power adapter faulty after surge | Raised box replacement under warranty, delivered next day",STB fixed by forced restart/software update or replaced under warranty.,meera,KB-024
TCK-10401,2026-10-03T19:51:34+05:30,2026-10-03T23:59:00+05:30,email,CUST-593403,Mumbai,KYC failed,"new sim shows no service, store said 4 hours but its been a full day. kindly resolve soon",mobile,sim_activation_porting,medium,,frustrated,incident,replacement sim|new sim|verification,Tele-verification was pending | Asked customer to call verification number from new SIM and confirm details | SIM activated within 30 minutes,SIM activation completed after tele-verification or KYC re-verification at the store.,meera,KB-018
TCK-10402,2026-10-03T19:57:16+05:30,2026-10-03T23:59:00+05:30,chat,CUST-546688,Pune,Technician did not come,"hi Booked fibr connection last week, payment done, no update at all. pls fix asap",broadband,installation_relocation,medium,,frustrated,complaint,new connection|installation|feasibility,"Order was stuck on technician scheduling | Apologised and booked the earliest slot next morning, marked order as priority | Installation completed next day",Installation delay resolved by priority rescheduling or completing building permission (NOC).,meera,KB-011
TCK-10403,2026-10-03T20:00:29+05:30,2026-10-03T23:59:00+05:30,phone,CUST-730421,Coimbatore,mobile data slow,"Dear team, data speed super slow after afternoon every day. Thanks.",mobile,mobile_data_issue,medium,,neutral,incident,5g|congestion|network mode,"Network mode was 3G only, set to 5G/4G auto | Speed test 85 Mbps after change",Slow mobile data due to daily quota or wrong network mode; booster offered or mode fixed.,ravi,KB-017
TCK-10404,2026-10-03T20:03:22+05:30,2026-10-03T23:29:22+05:30,phone,CUST-551730,Delhi,Unauthorised SIM replacement,worst service ever. my number got ported out without my knowledge. totally unacceptable!!,mobile,fraud_account_security,critical,fraud,angry,incident,sim swap|unauthorised|fraud,"Verified caller with security questions | Immediately blocked the SIM and suspended outgoing services | Advised customer to inform bank and report on cyber crime helpline 1930 | Admin approved restoration after in-store verification with original ID, fraud team investigating","SIM swap: number blocked immediately, bank/cyber crime advised, restoration after verification with admin approval.",meera,KB-033
TCK-10405,2026-10-03T20:04:23+05:30,2026-10-03T23:14:23+05:30,chat,CUST-282664,Delhi,Air fiber device issue,"Dear team, Got the new 5G home router installed yesterday but it shows only 1-2 bars and the seped is poor Let me know.",broadband,router_wifi_setup,medium,,neutral,incident,home router|placement|airfiber,"Asked customer to move the 5G router near the window facing the tower using the app signal meter | Signal improved from 1 bar to 4 bars | Pushed firmware update, speed test 180 Mbps","5G home router issues fixed by better placement near window, SIM activation or firmware update.",ravi,KB-010
TCK-10406,2026-10-03T20:04:43+05:30,2026-10-03T21:27:43+05:30,chat,CUST-723948,Hyderabad,frequent disconnection,"Sir, My tablet keeps losing internet, the router internet light goes off randomly throughout the day. please do the needful",broadband,broadband_disconnection,high,,frustrated,incident,router|power cycle|disconnection,"Asked customer to note router lights during a drop, PON light stayed on and only internet light went off | Power cycled the router (30 seconds off) and re-seated the LAN and fibre patch cords | Re-provisioned router session from ACS | Monitored for 24 hours, no further drops","Random drops fixed by router power cycle / cable re-seat, or line fault repaired by field visit.",meera,KB-001
TCK-10407,2026-10-03T20:06:24+05:30,2026-10-03T23:59:00+05:30,phone,CUST-244892,Coimbatore,Relocation request,"Hello team, shifting request raised but no one came on the date given please look into it urgently",broadband,installation_relocation,low,,frustrated,request,new address|transfer|shifting,Raised shifting request with new address and preferred date | Feasibility confirmed within 24 hours | Shifting charges waived as customer is on an annual plan | Technician set up the line at the new address,Connection shifted to the new address after feasibility; charges waived/billing paused where applicable.,ravi,KB-012
TCK-10408,2026-10-03T20:24:05+05:30,2026-10-03T23:59:00+05:30,chat,CUST-156757,Delhi,4G not working,"Hi, Data is on but whatsapp not connecting, alerady restarted. please look into it urgently",mobile,mobile_data_issue,medium,,frustrated,incident,apn|5g|mobile data,Data balance available | Reset APN to default (mynet) and restarted phone | Data working,Mobile data restored via APN reset or explained exhausted daily quota with booster.,meera,KB-016
TCK-10409,2026-10-03T20:27:42+05:30,2026-10-03T23:00:42+05:30,phone,CUST-704864,Kolkata,box dead,STB stuck on the logo screen and keeps restarting Please help.,dth,dth_signal_loss,medium,,neutral,incident,power adapter|stb|set-top box,"Power adapter faulty after surge | Raised box replacement under warranty, delivered next day",STB fixed by forced restart/software update or replaced under warranty.,meera,KB-024
TCK-10410,2026-10-03T20:29:07+05:30,2026-10-03T22:41:07+05:30,chat,CUST-296243,Bengaluru,Poor indoor signal,"Dear team, call drop issue too much, especially at home in HSR Layout. thank you",mobile,mobile_network_coverage,medium,,neutral,incident,weak signal|call drop|indoor coverage,Logged coverage feedback for the address with the planning team | Enabled VoLTE and updated phone software | Explained VoWiFi as interim fix,Indoor call drops handled with VoWiFi/VoLTE and coverage feedback to the planning team.,ravi,KB-014
TCK-10411,2026-10-03T20:30:23+05:30,2026-10-03T22:27:23+05:30,phone,CUST-898395,Kochi,tv picture breaking,"This is ridiculous. DTH error E48-32 on screen, no channels. Fix it immediately or I will switch to another provider!!",dth,dth_signal_loss,medium,,angry,incident,cable|e-code|dish,"Signal strength 20% in settings menu | Raised dish alignment request, technician realigned the dish | Signal strength 78%, all channels working",DTH no signal from rain fade (temporary) or dish misalignment fixed by technician.,ravi,KB-023
TCK-10412,2026-10-03T20:49:05+05:30,2026-10-03T23:59:00+05:30,email,CUST-765678,Delhi,Change wifi password,"Good morning, need help to change wifi name and password, router login page not opening Thanks.",broadband,router_wifi_setup,low,,neutral,request,security|wifi password|router login,Router admin page 192.168.1.1 opened after connecting via LAN | Customer updated SSID and WPA2 password | Removed unknown devices from the connected list,WiFi name/password changed through the app or router admin page.,meera,KB-007
TCK-10413,2026-10-03T21:08:17+05:30,2026-10-03T23:59:00+05:30,phone,CUST-665509,Coimbatore,Unauthorised plan change,"My plan was changed without my permission, now I'm paying more",billing,plan_change,medium,,frustrated,complaint,plan change|upgrade|downgrade,Plan change was done by a retention campaign without recorded consent | Restored old plan and raised billing correction for the difference,Unconsented plan change reverted and the difference corrected.,meera,KB-030|KB-027
TCK-10414,2026-10-03T21:36:32+05:30,2026-10-03T23:59:00+05:30,phone,CUST-947591,Bengaluru,STB stuck on logo,box went dead after the powr cut thanks.,dth,dth_signal_loss,medium,,neutral,incident,not starting|boot loop|power adapter,"Held power button 10 seconds, box downloaded software update | Box started normally after 15 minutes",STB fixed by forced restart/software update or replaced under warranty.,meera,KB-024
TCK-10415,2026-10-03T21:38:33+05:30,2026-10-03T23:59:00+05:30,email,CUST-165858,Pune,Same issue again,3rd complaint this month!! internet still disocnnecting every day. your techician said its fixed but its not. pathetic service.,broadband,broadband_disconnection,high,,angry,problem,disconnection|router|cables,"Reviewed previous tickets, two closed without root cause | Line test showed high attenuation on the drop cable | Escalated to senior field team, drop cable replaced end to end | Router replaced as it was an end-of-life model | Monitored for 3 days and called customer, issue resolved","Repeat disconnection: escalated to senior field team, root cause found (cable/splitter) and fixed.",meera,KB-001|KB-002
TCK-10416,2026-10-03T21:44:34+05:30,2026-10-03T23:59:00+05:30,chat,CUST-825318,Kolkata,mobile data slow,hi data speed super slow after afternoon every day,mobile,mobile_data_issue,medium,,frustrated,incident,5g|network mode|congestion,"Daily high-speed data used up by afternoon, speed reduced to 64 kbps | Explained and offered booster pack",Slow mobile data due to daily quota or wrong network mode; booster offered or mode fixed.,meera,KB-017
TCK-10417,2026-10-03T21:51:07+05:30,2026-10-03T23:59:00+05:30,email,CUST-486490,Mumbai,No internet - red light,"Good morning, Red light blinking on the router saying LOS, no internet at all since morning. Let me know.",broadband,broadband_disconnection,high,,neutral,incident,los|ont|field visit,"Checked outage dashboard, no active incident | Customer found the fibre patch cord pulled out behind the router and reconnected it | LOS light turned off, PON green, internet working",Red LOS light: fibre cut repaired by field technician or loose patch cord reconnected.,meera,KB-003
TCK-10418,2026-10-03T21:53:44+05:30,2026-10-03T23:59:00+05:30,chat,CUST-172965,Mumbai,LOS red light on router,"Hello, Red light blinking on the router saying LOS, no internet at all since morning. Thanks.",broadband,broadband_disconnection,high,,neutral,incident,fibre cut|los|red light,"Checked outage dashboard, no active incident | Customer found the fibre patch cord pulled out behind the router and reconnected it | LOS light turned off, PON green, internet working",Red LOS light: fibre cut repaired by field technician or loose patch cord reconnected.,meera,KB-003
TCK-10419,2026-10-03T22:00:03+05:30,2026-10-03T23:59:00+05:30,app,CUST-690433,Pune,payment deducted not updated,"charged twice for the same bill payment, please refund. I want this fixed TODAY.",billing,billing_dispute,medium,,angry,incident,refund|recharge failed|double debit,"Took UPI reference, found successful payment in console | Posted payment to the account manually | Due amount cleared",Payment posted manually from console or duplicate debit refunded to source.,ravi,KB-028
TCK-10420,2026-10-03T22:06:13+05:30,2026-10-03T23:53:13+05:30,email,CUST-192422,Coimbatore,Poor indoor signal,"Hi, call drop isseu too much, especially at home in RS Puram. thank you",mobile,mobile_network_coverage,medium,,neutral,incident,call drop|weak signal|wifi calling,Logged coverage feedback for the address with the planning team | Enabled VoLTE and updated phone software | Explained VoWiFi as interim fix,Indoor call drops handled with VoWiFi/VoLTE and coverage feedback to the planning team.,ravi,KB-014
TCK-10421,2026-10-03T22:07:17+05:30,2026-10-03T23:59:00+05:30,phone,CUST-834430,Kochi,grievance portal complaint,hi I will escalate to the telecom ombudsman and appellate authority if this is not resolved in 2 days pls fix asap,billing,legal_regulatory,critical,regulatory,frustrated,complaint,escalation|trai|consumer court,"Recorded regulator docket number and complaint details | Marked critical regulatory, attached history | Admin reviewed and approved the reply; senior team contacted customer within 24 hours",Regulatory complaint logged with docket; admin-approved response by senior team.,ravi,KB-032
TCK-10422,2026-10-03T22:22:25+05:30,2026-10-03T23:59:00+05:30,phone,CUST-153063,Coimbatore,not getting plan speed,"Hello team, Speed is terrible, downloads crawling at few hundred KB/s. Plan is 300 mbps. please look into it urgently",broadband,broadband_slow_speed,medium,,frustrated,incident,lan|slow speed|wired test,"Asked customer to stop other downloads and run a wired speed test on laptop | Wired speed was 92% of plan, WiFi test from the bedroom was low | Explained 2.4 GHz vs 5 GHz and helped customer connect to the 5 GHz band | Customer confirmed better speed",Slow speed: wired test showed WiFi limitation (moved to 5 GHz) or wrong line profile corrected.,meera,KB-004
TCK-10423,2026-10-03T22:25:54+05:30,2026-10-03T23:59:00+05:30,chat,CUST-435039,Delhi,air fiber device issue,"5G air fiber device showing 4G only, keeps restarting at nigt",broadband,router_wifi_setup,medium,,frustrated,incident,airfiber|home router|fwa,"Asked customer to move the 5G router near the window facing the tower using the app signal meter | Signal improved from 1 bar to 4 bars | Pushed firmware update, speed test 180 Mbps","5G home router issues fixed by better placement near window, SIM activation or firmware update.",meera,KB-010
TCK-10424,2026-10-03T22:25:54+05:30,2026-10-03T23:59:00+05:30,phone,CUST-552686,Bengaluru,eSIM not working on new phone,"Dear team, how to get eSIM QR code",mobile,sim_activation_porting,low,,neutral,request,esim|new phone|iphone,"Confirmed phone supports eSIM | Customer requested eSIM in MyNet app, verified OTP and verification call | QR code emailed, eSIM activated within 2 hours","eSIM issued via app request, OTP and verification call; QR emailed and activated.",ravi,KB-019
TCK-10425,2026-10-03T22:26:02+05:30,2026-10-03T22:56:02+05:30,app,CUST-439658,Coimbatore,SIM activation pending,"Hi, Got KYC verfiication failed message, what to do Thanks.",mobile,sim_activation_porting,medium,,neutral,incident,new sim|verification|sim activation,Tele-verification was pending | Asked customer to call verification number from new SIM and confirm details | SIM activated within 30 minutes,SIM activation completed after tele-verification or KYC re-verification at the store.,meera,KB-018
TCK-10426,2026-10-03T22:27:46+05:30,2026-10-03T23:59:00+05:30,app,CUST-892843,Chennai,No signal on TV,"dth error e48-32 on screen, no channels. thanks.",dth,dth_signal_loss,medium,,neutral,incident,cable|rain fade|lnb,"Signal strength 20% in settings menu | Raised dish alignment request, technician realigned the dish | Signal strength 78%, all channels working",DTH no signal from rain fade (temporary) or dish misalignment fixed by technician.,ravi,KB-023
TCK-10427,2026-10-03T22:36:45+05:30,2026-10-03T23:59:00+05:30,phone,CUST-962813,Delhi,Bill amount too high,"good morning, why is there a callre tune charge on my bill? neevr activated it",billing,billing_dispute,medium,,neutral,complaint,billing correction|wrong charges|bill,"Walked customer through bill: pro-rata charge from plan upgrade mid cycle | Customer understood, no correction needed",Bill explained (pro-rata) or unrequested VAS removed and corrected within agent limit.,meera,KB-027
TCK-10428,2026-10-03T22:52:24+05:30,2026-10-03T23:59:00+05:30,phone,CUST-145903,Coimbatore,mobile data not working,"my sim internet stopped suddenly, is it apn settings? kindly resolve soon",mobile,mobile_data_issue,medium,,frustrated,incident,internet not working|4g|data balance,Daily data quota was exhausted | Explained reset time and customer bought a 2 GB booster | Data working immediately,Mobile data restored via APN reset or explained exhausted daily quota with booster.,meera,KB-016
